UniqueCount	AmbigCount
0	0
0	0
0	0
5	0
11	0
60	96
2	162
12	133
0	35
92	0
1	4
3	60
1	5
8	4
11	0
16	0
10	7
0	0
2	0
0	0
1	1
0	1
3	4
5	4
0	0
0	0
0	0
1	0
0	0
0	0
4	1
0	0
0	0
0	0
0	0
0	0
0	0
0	0
0	0
0	0
0	0
0	0
0	0
0	0
0	0
0	0
0	0
0	0
0	0
0	0
0	0
1	0
0	0
2	0
0	0
1	0
0	0
4	0
1	0
2	16
0	18
2	12
52	56
1	7
3	18
3	0
0	6
2	6
22	0
2	0
0	31
1	13
1	0
2	3
0	2
1	2
0	1
0	0
1	0
1	0
3	0
0	0
0	0
0	0
0	0
1	0
2	0
0	0
0	0
0	0
0	0
0	0
0	0
0	0
0	0
0	0
0	0
0	0
0	0
0	0
11	8
2	5
2	4
19	6
6	6
0	0
1	9
88	11
1	0
1	0
0	9
0	9
0	0
0	0
0	113
4	113
10	73
0	56
1	70
0	2
1	18
1	1
0	1
0	41
0	41
1	40
0	17
1	10
0	7
0	0
1	0
0	0
0	0
2	6
1	0
0	0
0	0
0	0
5	20
0	70
1	0
0	0
0	4
21	98
0	74
0	0
0	15
0	22
1	5
0	5
0	0
0	10
0	0
0	0
5	4
2	241
1	191
2	148
2	13
0	72
0	63
0	29
0	43
0	32
1	11
0	32
1	174
1	155
1	78
1	7
2	83
9	40
26	174
1	0
0	49
1	154
0	3
3	58
0	101
0	92
2	102
1	73
8	55
0	48
0	55
0	46
0	32
0	6
0	0
2	0
25	201
1	66
0	7
9	4
0	7
0	4
0	0
1	9
0	9
1	114
0	118
10	101
0	115
1	5
0	113
0	115
0	157
0	77
0	112
0	2
0	0
0	0
0	10
0	0
2	0
7	9
0	0
0	3
0	0
3	5
198	89
0	52
0	12
1	20
3	0
0	1
0	1
0	0
0	3
2	3
2	3
1	0
30	6
0	1
0	1
0	1
0	0
0	0
0	0
0	0
3	0
0	0
4	9
0	0
0	0
0	0
0	20
0	22
2	27
1	21
5	4
1	23
1	2
2	19
0	26
0	29
0	28
0	27
2	19
0	34
0	24
5	14
0	2
0	1
0	1
0	3
0	1
4	2
12	6
0	1
0	0
1	6
0	0
1	0
2	0
3	0
5	3
0	3
0	0
0	0
0	284
0	298
0	282
0	282
3	125
1	0
20	1
1	27
0	0
0	16
3	0
2	1
0	0
6	73
0	7
0	61
1	55
0	1
0	0
11	0
25	199
2	191
1	184
0	45
0	4
0	88
0	84
0	88
6	6
0	15
0	16
0	81
1	79
0	2
1	6
0	4
0	0
0	0
0	4
1	0
0	220
1	170
0	196
1	158
4	0
5	22
0	25
18	86
3	86
10	79
2	25
0	26
53	47
0	41
8	0
0	144
0	116
0	112
102	104
10	38
0	3
0	52
0	0
0	53
2	45
2	46
0	29
0	4
0	213
1	48
0	21
2	19
0	196
0	212
0	63
1	158
0	59
0	40
2	42
2	18
1	0
0	0
1	0
0	0
0	0
0	129
0	113
0	103
0	71
3	147
0	57
1	7
0	95
0	134
1	144
5	37
4	2
0	5
0	36
1	87
0	33
0	15
0	6
0	6
1	0
0	2
11	36
0	35
0	8
0	22
2	0
0	17
0	8
1	215
3	215
1	222
0	31
0	17
0	58
0	46
1	44
0	58
0	57
1	25
7	35
3	30
0	57
0	50
0	15
0	13
6	0
0	35
0	35
3	6
2	7
0	1
2	13
0	176
15	91
3	151
5	153
3	26
1	81
3	131
5	160
0	158
0	24
6	6
1	0
2	57
0	57
8	30
0	42
0	41
0	42
2	9
10	15
0	16
0	9
0	5
0	0
0	46
0	5
0	36
0	3
0	20
0	6
0	85
0	90
0	8
2	47
0	85
0	91
0	21
0	9
0	62
0	12
0	0
0	24
0	23
0	21
1	9
0	8
12	6
0	95
0	28
0	0
0	3
0	0
0	1
0	0
4	1
0	1
0	4
0	3
0	3
0	4
1	17
0	25
0	198
0	220
1	15
0	0
11	208
0	194
0	0
10	184
6	10
8	10
3	8
16	84
0	22
0	156
0	146
0	29
0	33
0	132
2	33
0	130
2	22
0	7
0	49
0	26
0	32
0	13
0	21
0	14
7	32
0	3
0	42
0	43
0	237
0	84
0	16
44	427
2	119
5	441
1	230
3	2
5	88
0	87
0	277
12	310
4	211
2	127
0	0
0	8
1	98
0	58
1	84
0	19
5	13
5	24
2	1
0	0
0	1
5	13
6	0
0	0
1	17
0	17
0	17
0	2
0	1
0	0
0	0
0	0
36	69
0	64
0	53
2	0
3	0
1	4
1	0
0	0
0	0
0	0
0	0
0	0
0	1
0	0
0	1
0	1
0	0
0	0
0	104
14	98
0	95
0	111
0	113
0	90
0	43
0	59
1	54
1	9
0	0
0	0
0	0
0	0
2	15
0	0
0	0
0	0
0	0
0	4
0	1
0	0
2	0
0	0
0	0
1	3
2	0
0	7
2	6
0	7
0	1
0	87
0	73
0	82
1	88
0	71
0	2
19	81
0	46
6	61
0	0
12	34
2	32
0	10
0	5
0	55
0	45
10	0
2	1
2	37
0	13
0	23
1	18
3	17
0	5
0	9
0	0
0	0
1	0
6	3
0	0
0	5
3	0
8	6
0	11
1	12
0	16
6	5
0	165
0	1
0	146
0	169
1	65
1	165
0	8
0	163
0	84
0	18
0	101
2	1
3	0
0	13
1	8
0	15
0	17
3	0
0	18
0	4
10	1
0	19
1	17
7	157
0	15
23	125
3	127
18	94
0	15
0	2
0	0
1	0
0	0
1	4
0	0
0	0
0	0
0	0
0	0
0	0
0	0
7	2
0	0
0	1
0	0
0	1
0	1
0	1
0	0
0	0
0	1
0	0
1	424
0	424
0	156
7	78
0	154
0	70
0	66
0	20
1	37
15	10
0	0
4	5
0	12
3	5
2	0
2	18
1	24
2	18
37	119
1	119
1	146
0	10
1	5
89	47
2	8
1	26
0	6
517	243
0	239
5	3
1	0
0	6
0	6
0	1
0	2
0	2
0	0
0	2
0	0
0	3
0	1
0	1
0	5
0	2
0	4
0	1
0	6
0	6
0	3
0	2
0	1
0	180
1	0
1	253
0	24
0	10
0	20
0	129
0	14
5	19
2	9
1	18
0	10
9	26
0	13
0	13
3	6
0	32
13	134
1	46
2	114
6	68
0	55
2	85
0	52
0	60
0	34
0	10
0	16
0	5
4	4
1	8
0	3
4	3
7	8
2	6
1	1
0	18
0	15
0	15
0	18
0	12
1	1
0	1
0	14
0	14
0	13
2	2
0	8
0	8
3	4
1	0
0	0
0	0
0	0
0	0
0	10
0	13
0	4
0	4
0	1
0	0
0	0
0	1
2	3
0	0
1	6
0	0
0	5
0	0
0	1
0	0
0	1
0	1
0	0
0	0
0	1
1	0
0	0
0	0
1	1
0	1
0	0
0	0
0	0
0	1
0	2
0	1
0	0
0	0
0	0
0	0
0	0
0	1
0	1
0	1
0	0
0	0
0	19
0	0
0	0
0	0
0	0
0	208
0	120
1	208
0	0
0	0
0	2
0	11
0	1
0	0
0	2
0	0
0	0
0	1
0	0
0	0
0	10
8	106
0	74
1	72
4	94
0	148
2	105
0	117
0	120
0	86
66	98
0	99
0	93
0	0
0	0
0	0
0	0
0	18
0	18
0	275
40	430
1	428
1	232
1	122
9	121
0	126
5	124
0	121
0	108
0	86
0	1
1	0
3	1
2	0
43	8
0	8
7	4
0	0
0	0
4	0
1	159
1	198
3	5
1	114
0	136
5	206
0	9
1	33
0	200
0	92
3	2
0	0
3	113
3	64
14	52
0	8
0	2
1	0
557	278
0	53
6	223
0	159
1	0
1	0
5	227
0	198
0	54
2	12
4	54
0	1
0	25
0	2
0	0
0	5
3	11
0	0
0	124
1	116
0	113
0	118
10	145
1	95
8	57
0	11
0	29
3	1
0	13
0	13
0	10
2	5
0	5
0	2
0	1
7	2
0	0
0	0
0	0
0	0
0	0
0	0
0	0
0	0
0	0
0	0
0	0
0	0
0	0
0	0
0	0
0	0
0	0
0	0
0	0
0	0
0	0
0	0
0	0
0	0
0	0
0	0
0	0
0	0
1	0
0	0
0	0
0	0
0	0
1	12
0	0
1	0
0	0
3	0
0	0
26	28
32	24
0	4
0	0
0	0
0	0
0	0
0	0
0	0
0	0
0	0
0	0
0	0
0	0
0	0
0	0
0	0
0	0
0	0
0	0
0	0
0	0
0	0
0	0
0	0
0	0
0	0
0	52
10	52
10	0
0	0
0	710
0	777
0	777
0	716
1	700
3	689
6	664
0	579
0	163
0	93
0	87
2	59
0	54
0	67
2	11
0	25
8	0
0	0
0	0
0	0
0	0
0	0
0	0
0	0
0	0
0	7
0	5
0	5
0	0
0	0
0	0
2	0
0	0
0	0
0	0
0	0
0	0
0	0
0	0
0	0
0	0
0	0
0	0
0	0
0	0
0	0
0	0
0	0
0	0
0	0
0	0
12	0
0	0
0	0
0	0
0	0
0	0
0	0
0	0
0	0
0	0
0	0
0	0
0	0
0	0
0	0
0	0
0	0
0	0
0	0
0	0
0	0
0	1
0	1
0	1
0	0
0	1
0	0
2	2581
0	0
1980	2581
0	0
0	0
0	0
0	0
0	0
0	1
0	0
8	0
0	0
0	0
0	0
26	7
0	5
1	1
0	1
0	0
0	0
0	0
1	0
0	0
14	12
0	5
0	1
4	11
0	0
0	0
13	312
0	75
0	278
0	0
0	0
1	11
0	42
1	0
5	0
6	44
0	9
0	5
5	0
0	1
0	14
2	67
1	0
0	0
1	0
0	0
0	0
0	0
0	0
0	0
0	0
0	13
0	13
0	2
0	0
0	0
0	0
0	0
0	0
0	0
1	0
0	0
0	0
0	0
3	0
0	0
0	0
0	0
0	0
0	0
0	0
0	0
5	2
0	54
0	27
1	3
1	17
0	62
1	68
2	3
0	1
5	0
1	3
2	63
0	2
14	54
0	4
0	1
0	2
0	0
0	3
0	3
0	27
4	9
0	25
0	18
0	21
0	22
0	0
1	0
0	7
0	5
0	6
6	0
64	0
0	0
0	0
1	0
3	0
0	0
0	0
0	0
0	46
0	50
0	46
0	21
0	7
1	34
0	6
0	4
0	36
0	0
0	0
0	26
2	7
0	9
0	3
0	5
0	7
0	4
0	11
0	130
0	42
0	157
0	155
0	83
0	11
2	14
1	36
2	39
0	7
6	46
0	0
0	36
0	36
0	6
0	11
0	8
2	0
2	22
0	4
0	21
0	10
0	9
0	9
0	9
0	18
3	0
1	4
0	0
0	6
0	1
1	6
0	8
1	21
0	31
0	13
1	304
0	2
0	1
4	0
7	7
0	19
91	435
8	193
0	281
0	300
29	0
3	0
0	0
0	0
0	11
0	6
0	0
0	0
11	65
2	1
0	111
0	111
0	25
4	108
6	42
0	42
1	40
0	0
0	15
0	9
0	0
0	0
0	0
0	0
0	0
1	0
0	0
0	0
0	0
3	1
0	0
0	4
3	28
0	16
0	22
0	26
0	23
0	24
0	18
0	0
0	5
12	2
2	1
0	0
6	0
10	6
0	0
0	0
0	0
0	77
0	462
5	409
0	89
0	473
0	9
1	10
4	9
1	9
11	0
1	119
0	0
2	16
3	0
1	9
1	9
0	9
0	10
0	9
2	3
0	6
0	2
0	0
0	1
0	1
0	0
0	0
0	0
0	432
0	195
0	431
0	264
1	24
0	287
1	27
3	9
0	0
1	0
0	1
0	1
0	1
1	9
0	1
0	25
0	2
1	4
0	4
1	1
0	1
1	1
6	4
0	0
0	1
0	1
0	1
4	2
0	0
5	16
0	0
0	361
0	371
0	118
0	38
3	139
1	55
2	41
0	26
3	0
0	24
3	10
0	2
103	190
1	54
0	138
0	172
1	41
0	77
1	13
1	12
2	13
0	11
0	11
0	1
1	0
0	0
0	8
0	14
0	3
2	51
0	7
0	27
0	80
0	17
0	80
1	4
0	5
0	78
0	8
0	10
2	12
0	14
0	75
0	16
0	14
5	65
2	4
0	6
0	35
0	35
0	34
0	37
0	20
0	12
0	7
4	0
0	0
18	14
0	1
0	1
0	0
0	0
0	0
0	0
0	0
0	2
0	1
0	2
0	2
8	22
0	0
0	7
1	7
0	1
0	0
0	0
0	0
0	0
5	109
0	147
11	19
0	1
3	90
8	0
0	0
1	0
0	0
0	0
0	0
0	0
0	0
0	0
0	0
4	0
13	19
0	23
3	20
0	17
0	9
1	0
0	4
1	0
0	0
0	0
6	25
1	8
16	12
0	4
17	17
16	0
13	12
0	0
0	0
0	0
0	0
164	15
2	13
2	0
9	0
0	0
0	79
0	81
0	78
1	76
0	56
2	0
0	0
0	0
0	0
0	0
0	0
0	0
0	0
0	0
0	0
0	0
0	0
0	0
0	0
0	0
0	0
0	0
0	0
0	0
0	0
0	0
0	0
0	0
0	0
0	0
0	0
0	0
1	0
0	0
0	1
0	1
0	0
0	13
0	0
0	0
0	0
0	5
0	0
0	0
0	16
0	6
0	15
0	6
0	4
0	0
0	5
0	4
0	2
0	0
0	0
0	0
0	0
21	3
0	9
0	19
6	223
0	181
0	8
0	216
0	174
0	169
3	180
0	213
37	217
2	107
5	16
0	114
0	9
15	7
0	30
0	17
0	15
45	72
1	16
1	15
1	180
0	143
0	155
0	35
0	141
2	16
0	10
3	13
0	9
0	26
0	11
0	13
0	9
0	9
2	3
1	1
16	6
5	6
22	4
4	55
0	55
0	55
3	3
0	4
0	4
0	2
3	0
0	2
2	0
9	0
3	0
0	0
0	0
0	0
0	1
0	0
0	0
0	1
0	0
0	0
0	0
0	2
0	0
0	2
0	1
0	3
0	66
0	2
0	63
0	62
0	67
0	0
0	2
0	0
0	0
3	15
0	7
0	5
0	2
0	4
1	3
0	3
1	1
0	2
2	0
8	0
0	0
0	0
0	0
0	0
0	0
0	0
0	0
4	7
0	0
0	0
0	0
0	0
0	0
0	0
0	0
2	0
0	0
0	0
112	7
0	6
2	2
0	103
1	87
0	100
0	11
1	0
1	10
0	8
2	1
0	5
1	3
0	1
0	0
0	3
8	11
0	3
10	4
0	6
0	1
0	8
1	2
3	10
1	1
2	3
0	1
0	4
0	5
1	0
0	1
154	38
0	5
0	3
2	9
1	0
0	0
1	6
1	1
2	3
0	0
0	0
0	13
0	0
0	12
0	0
0	73
0	74
2	29
0	62
0	11
0	22
0	78
0	78
0	73
4	6
2	72
1	72
0	64
0	52
0	51
0	44
0	55
0	24
5	38
0	8
0	8
0	25
0	8
0	27
2	7
1	15
0	43
0	36
0	31
0	17
9	18
0	13
0	31
144	115
0	46
0	79
0	0
0	75
0	109
0	33
3	988
2	904
41	813
3	854
30	504
5	50
2	1
0	0
5	0
1	2
4	0
0	2
0	0
0	100
0	100
0	45
0	52
4	0
27	7
0	0
0	83
4	81
5	20
0	17
0	1
0	2
0	3
0	0
0	0
0	0
0	7
0	3
0	6
0	6
1	2
0	0
0	0
1	1
0	0
1	1
0	0
4	48
7	42
7	10
0	18
9	0
0	13
17	18
2	7
0	539
0	15
0	610
0	42
0	40
0	604
10	50
0	241
0	102
0	576
0	443
0	530
0	318
0	442
0	137
13	3
38	675
12	340
0	222
0	198
15	136
0	28
0	2
0	2
0	20
0	25
1	16
0	28
0	28
3	28
0	0
0	2
0	0
0	0
1	0
0	0
1	0
8	125
0	336
0	345
0	344
0	319
1	330
0	230
0	224
0	29
2	0
0	148
4	12
0	10
0	4
11	8
0	1
0	1
0	2
27	0
39	176
0	165
0	169
4	145
0	18
1	130
0	153
0	0
1	35
0	35
0	24
2	3
9	52
0	45
2	26
0	24
0	11
0	15
233	78
0	67
0	67
0	32
2	15
1	0
0	339
0	306
7	448
4	149
0	434
1	183
0	139
0	140
1	32
0	146
0	167
0	166
2	0
0	0
0	0
0	0
2	17
2	35
2	35
9	4
0	0
66	103
15	103
0	119
0	68
0	11
0	100
1	114
0	74
0	3
0	0
4	17
0	0
1	6
0	29
0	18
0	19
0	21
0	9
0	11
2	3
0	9
1	9
2	4
0	1
7	1
0	183
24	178
0	4
0	17
0	178
1	143
0	5
0	0
0	0
0	127
1	0
0	5
2	0
2	2
0	0
4	15
0	0
0	0
0	1
0	1
0	1
0	0
0	0
0	0
0	0
3	0
132	23
1	23
0	2
1	2
0	0
0	0
0	0
0	13
0	3
0	11
0	21
0	21
0	22
0	23
0	22
0	2
0	4
0	4
0	4
0	3
0	4
0	2
0	0
0	1
0	1
0	0
3	33
0	32
7	34
1	28
0	29
5	26
2	5
0	8
1	6
0	5
8	365
0	333
0	30
0	49
0	38
0	10
0	3
4	15
2	30
0	21
2	3
5	3
1	6
0	6
0	0
0	1
12	20
0	0
5	12
0	3
6	31
3	31
0	7
0	7
5	6
5	36
0	8
0	29
2	28
0	4
0	4
0	7
2	20
0	14
0	6
2	2
1	3
0	0
0	11
0	0
0	5
0	23
0	24
0	57
0	24
4	0
4	0
0	0
3	0
2	64
2	1
0	39
1	25
1	40
0	1
0	1
1	0
0	1
0	5
0	0
0	4
0	0
0	4
0	4
0	0
0	0
0	0
0	11
0	11
0	11
0	2
0	0
13	6
0	0
0	0
0	0
0	3
0	3
0	3
0	4
0	4
0	4
0	3
0	2
0	1
0	2
0	1
0	0
0	0
0	1
0	0
0	1
0	2
0	0
0	1
0	1
0	0
0	2
0	2
1	248
0	233
0	65
0	233
4	55
0	215
1	196
1	89
5	36
3	40
8	41
0	0
0	0
0	0
0	54
0	6
0	48
1	48
0	47
1	1
0	4
13	9
0	8
0	9
1	2
0	5
0	0
0	6
0	2
3	0
0	8
0	2
6	15
0	15
0	4
0	1
0	58
0	0
0	94
5	97
2	51
0	57
0	0
0	7
0	60
0	3
0	0
1	4
1	13
0	57
0	83
0	16
0	3
0	48
0	68
0	4
3	4
3	0
0	17
2	17
1	0
0	0
8	148
7	132
0	25
0	12
0	15
2	16
42	303
5	101
338	346
0	258
0	75
0	8
22	225
0	215
0	31
0	38
0	12
0	0
1	1
3	1
0	7
0	7
0	5
0	12
0	102
0	112
0	95
0	10
1	109
15	0
0	7
1	9
0	5
8	89
1	12
0	8
0	35
0	40
0	3
10	2
1	19
1	19
6	21
0	8
0	6
1	2
0	5
0	0
0	2
0	0
0	0
0	7
0	7
0	1
0	2
0	0
0	4
0	6
0	6
0	2
0	4
0	4
13	0
0	0
0	0
0	22
2	2
0	115
0	104
0	91
0	105
0	3
0	5
6	5
0	55
0	59
0	90
0	0
0	0
0	4
0	83
0	58
2	22
2	8
0	8
0	47
2	46
2	43
0	42
0	10
0	10
1	3
0	0
0	0
1	144
4	141
1	144
1	0
0	7
4	100
0	35
13	3
0	0
73	108
0	22
0	52
1	9
5	57
0	2
9	0
2	53
3	40
0	75
0	75
0	74
0	44
0	15
3	5
1	4
0	9
0	1
1	1
0	11
0	2
0	2
0	0
0	3
0	57
0	71
2	73
0	75
0	58
0	3
0	6
0	67
0	3
0	73
20	68
0	29
0	0
0	1
1	4
0	0
3	0
0	9
0	11
0	41
2	0
1	0
0	19
2	6
3	2
3	6
4	2
4	14
7	1
0	7
6	23
3	17
0	23
0	126
0	122
0	121
0	126
0	111
0	91
0	63
0	77
0	84
0	55
3	30
0	26
0	18
4	4
0	4
1	4
3	4
2	1
1	36
0	294
0	415
0	85
0	401
0	90
0	7
0	23
0	22
0	1
2	0
0	53
0	6
3	25
4	27
0	62
0	54
0	56
0	62
0	61
0	54
0	62
1	0
2	0
1	2
0	4
1	0
0	24
0	30
0	0
0	5
0	0
0	5
0	0
0	1
0	14
1	3
0	0
0	1
0	0
0	1
3	0
0	1
15	312
0	312
2	57
0	80
2	310
2	69
0	0
1	0
0	0
0	0
0	0
0	0
0	0
0	0
0	0
0	0
0	0
0	0
0	0
0	0
1	0
0	0
0	0
0	0
0	0
0	1
0	1
0	0
0	1
0	0
0	0
2	0
12	0
6	0
0	0
1	0
0	0
0	0
0	0
0	0
0	0
0	0
0	0
0	0
0	0
0	3
1	0
0	0
4	0
1	0
144	182
0	139
1	15
1	41
0	40
6	71
3	40
0	0
0	0
0	0
0	0
0	0
0	274
6	346
0	312
53	256
0	48
1	311
4	344
3	46
5	18
4	0
1	8
0	8
0	0
0	0
1	0
0	0
0	0
1	0
0	0
0	0
0	0
769	30
2	0
0	30
0	0
1	0
0	4
1	4
0	0
0	0
0	0
0	0
15	12
0	0
0	10
0	0
0	4
0	72
0	67
0	72
0	67
0	32
1	41
3	0
0	10
0	0
1	0
0	5
0	5
0	1
0	4
0	4
0	5
0	2
1	0
0	0
0	2
0	1
0	3
0	0
0	0
1	1
0	0
2	0
0	0
0	0
0	1
0	0
0	0
8	0
0	0
0	4
1	4
7	0
0	0
3	0
1	0
0	0
0	31
0	58
0	107
4	0
0	31
0	105
3	4
0	3
0	6
0	0
0	12
0	59
0	10
0	30
0	62
0	69
0	74
0	63
0	4
2	10
0	26
0	60
0	17
0	17
0	63
0	49
0	17
0	3
2	7
1	0
0	26
1	18
61	22
0	8
0	4
33	434
2	8
0	368
7	0
2	69
0	77
0	70
59	217
1	49
0	82
4	9
0	0
15	0
0	9
0	9
0	9
0	9
0	2
0	1
0	1
0	1
0	1
0	0
0	7
0	7
336	13
0	0
0	0
0	0
342	106
0	105
0	123
0	82
0	94
1	99
10	13
0	97
1	22
3	79
0	65
0	44
11	49
1	26
4	0
0	30
0	27
0	27
0	27
0	27
0	30
0	30
0	31
2	11
0	8
0	4
0	9
1	2
1	2
0	2
1	3
0	2
0	0
1	0
0	0
1	0
0	0
0	0
0	0
0	0
0	0
2	0
0	10
0	10
0	11
0	5
0	2
0	3
1	2
2	1
0	1
0	1
0	1
0	0
0	0
0	0
0	0
0	130
0	130
0	75
1	26
2	16
11	7
0	6
0	6
0	6
0	93
0	90
0	85
0	93
0	3
0	0
0	14
0	13
4	5
0	36
0	53
0	9
0	1
0	3
1945	693
0	172
0	171
4	83
1	26
11	0
3	9
5	76
6	64
8	109
4	211
2	49
2	0
0	0
0	0
0	0
0	0
5	72
0	59
0	29
3	37
3	22
40	180
0	174
3	110
0	101
5	2
2	713
0	6
0	605
2	173
0	672
2	139
2	195
7	28
5	255
0	136
3	136
4	68
2	16
0	0
0	0
0	0
0	0
0	0
0	0
0	28
1	29
0	27
0	16
6	22
1	8
0	9
35	16
0	9
1	5
1	4
0	0
1	1
0	23
0	25
0	15
0	12
0	14
0	12
0	0
0	1
0	1
0	22
2	18
0	9
0	8
1	49
0	49
0	36
0	9
0	35
0	0
0	0
1	9
0	0
0	0
0	0
0	0
3	83
2	83
0	0
0	8
0	94
0	102
0	95
1	102
0	103
0	73
35	102
5	110
0	23
0	23
0	2
0	23
0	8
0	0
0	7
0	0
8	0
0	3
0	3
0	3
0	3
0	0
0	0
1	2
0	1
6	0
0	0
0	0
0	0
2	0
0	0
0	0
0	0
2	2
0	30
0	79
20	23
2	78
0	9
2	17
0	0
0	2
9	5
0	5
0	0
3	103
0	58
0	28
0	7
0	18
0	26
2	18
1	7
0	2
1	16
0	2
1	2
5	8
0	15
0	1
1	3
0	0
0	0
0	1
0	0
0	0
1	0
19	0
0	0
0	0
0	0
0	0
0	0
1	0
0	56
7	65
0	3
0	11
1	25
1	15
0	26
1	5
1	2
0	17
1	84
0	48
4	30
0	66
1	84
1	38
2	7
0	9
1	2
0	2
0	0
125	17
0	17
0	14
0	14
5	0
1	0
0	36
0	198
0	116
1	37
0	10
0	27
4	168
0	185
0	9
0	37
0	9
0	12
0	205
1	10
0	7
0	7
11	0
14	9
0	27
2	27
2	4
1	17
27	8
2	4
6	36
4	52
19	56
0	42
0	182
0	44
4	46
0	24
0	180
7	2
0	16
0	2
0	16
8	132
0	132
0	0
168	545
1	28
1	509
0	0
0	45
1	508
2	362
0	37
32	37
0	42
0	5
1	19
1	144
1	25
33	166
0	149
0	3
15	73
0	148
0	42
0	46
2	46
1	15
0	53
0	2
0	0
251	0
4	56
13	57
0	8
0	2
0	10
1	10
1	11
1	0
0	75
12	68
0	16
1	7
0	13
0	10
0	12
0	7
0	6
0	3
0	7
0	0
1	0
7	6
9	1229
5	259
0	845
0	140
0	223
0	162
0	1028
8	1019
0	210
10	149
1	804
0	97
0	130
0	0
0	17
45	111
2	0
0	28
1	75
1	20
3	20
0	20
0	10
0	7
0	4
3	2
0	18
11	74
1	9
0	40
16	43
0	41
0	14
0	19
2	38
1	35
0	52
2	10
0	117
3	117
0	11
0	0
2	0
2	0
3	0
4	0
7	0
0	0
0	2
0	0
0	32
0	11
5	25
0	4
1	2
0	4
3	1
0	34
2	6
1	5
0	5
0	5
0	4
0	5
6	5
0	5
0	0
8	7
1	6
17	14
3	1
0	74
0	73
0	76
0	14
4	6
0	5
0	17
1	7
2	2
0	8
3	5
3	0
0	5
0	6
0	9
0	6
1	5
0	5
0	12
0	3
2	2
0	4
0	4
0	4
0	4
0	7
0	4
2	2
9	72
0	71
0	72
0	6
1	6
0	71
2	71
0	176
0	169
0	172
0	5
5	37
0	13
1	0
1	9
0	14
0	10
1	0
0	0
0	9
0	10
0	0
0	414
0	419
1	339
7	24
4	33
12	21
0	278
4	84
16	7
4	252
37	253
0	48
30	39
2	184
7	170
5	144
0	3
3	1
0	2
0	2
5	2
6	1
2	6
2	1
8	4
2	3
4	0
0	0
2	0
38	62
5	33
0	54
40	2137
0	1383
0	2074
0	454
418	1247
0	1114
0	17
1	652
2	244
9	141
9	60
4	51
9	14
0	5
0	2
0	2
0	1
2	0
0	0
47	38
0	10
1	0
0	10
1	13
0	10
0	6
0	1
0	1
0	1
0	1
0	1
1	1
0	4
0	4
0	24
0	27
0	7
0	7
0	1
0	12
2	0
2	2
5	6
0	4
5	0
2	0
95	78
1	78
192	71
0	27
0	11
0	31
0	26
0	15
0	26
0	5
0	4
0	4
66	250
0	29
0	38
4	15
1	14
0	3
11	0
4	12
0	9
3	49
8	120
3	7
0	13
0	24
1	0
0	2
1	362
1	20
0	360
5	3
1	351
0	264
0	234
2	0
1	44
3	24
0	52
3	0
9	53
1	37
4	0
1	3
1	22
2	42
0	57
1	36
0	19
0	41
1	19
0	23
0	16
0	20
23	24
0	15
0	9
0	0
71	9
175	168
0	168
16	8
0	0
0	0
0	5
0	5
0	0
0	26
0	33
0	30
0	38
5	0
62	21
0	21
0	11
7	40
1	11
4	20
0	2
1	0
0	26
0	3
0	0
2	32
4	9
0	7
0	9
0	3
6	23
1	19
0	0
0	0
0	1
0	0
0	1
0	0
0	0
0	0
0	0
19	2
0	2
0	1
0	0
0	1
4	0
0	0
25	15
0	15
0	4
0	4
0	0
1	11
7	3677
2	3902
0	346
4	3205
7	164
27	768
0	2449
0	0
0	784
6	217
1	1828
4	0
4	354
0	1517
0	938
14	918
0	695
11	260
0	108
6	98
0	0
0	20
0	5
0	15
0	6
28	6
6	6
0	16
48	29
0	6
0	30
0	3
0	0
0	7
3	1
34	0
1	0
1	0
0	0
0	1
0	104
0	9
0	0
0	2
0	13
0	8
0	221
77	237
1	15
0	221
0	15
0	51
1	11
1	1312
3	1312
30	1212
3	116
8	98
0	86
0	85
1	13
2	3
0	2
0	2
0	2
0	2
0	2
0	2
0	0
2	0
0	0
0	0
0	4
0	4
0	0
0	11
21	31
0	16
0	8
0	2
1	17
0	12
3	0
3	18
10	0
3	2
1	7
49	15
0	0
5	5
1	0
0	407
0	11
0	116
3	0
2	494
3	4
3	488
5	163
0	8
1	4
0	302
1	44
1	252
5	226
4	2
6	8
1	0
28	5
0	49
5	132
0	110
0	128
2	0
1	0
0	0
16	79
0	33
0	27
0	4
0	31
0	12
0	22
0	25
0	15
0	10
0	121
1	113
0	110
0	104
1	3
1	0
1	6
2	2
0	0
4	6
1	7
17	9
0	0
1	0
8	0
0	0
1	1
0	0
0	1
0	1
1	111
0	91
2	96
1	83
0	78
0	60
0	32
0	37
0	26
0	24
0	24
0	13
0	9
0	14
0	15
0	0
0	15
5	0
2	7
5	0
2	0
527	359
0	40
0	258
3	146
0	178
0	30
0	8
0	31
0	31
13	9
76	100
1	71
2	4
4	50
0	3
0	0
0	0
2	23
50	58
12	35
0	0
3	1
0	0
0	0
0	0
0	0
564	0
0	0
0	0
3	0
1	0
0	0
5	130
0	59
1	20
0	97
1	7
11	143
0	129
2	14
0	8
2	19
0	25
0	4
0	4
0	1
1	405
27	393
15	397
3	207
0	66
0	51
0	25
11	12
0	0
9	421
27	36
0	418
0	42
0	0
1	42
0	3
4	0
161	11
0	11
110	25
0	25
1	8
6	348
0	334
2	22
0	12
5	26
0	2
3	38
2	178
0	188
0	58
2	61
2	56
0	30
1	4
0	9
6	4
6	1
0	1
3	45
6	27
2	36
0	38
0	41
0	7
1	9
0	6
4	0
149	39
3	16
10	8
1	2
1	1421
3	83
0	1244
0	1233
4	1396
0	1396
0	1227
0	0
2	92
30	302
1	316
2	313
0	216
1	119
2	0
3	4
0	8
0	7
3	5
29	24
0	19
0	5
0	5
0	5
0	1
0	0
0	0
0	0
0	0
0	1
1	2
0	1
0	1
0	0
0	0
0	0
0	1
0	1
0	3
0	2
0	3
0	1
0	5
33	5
34	3
29	544
5	542
1	69
0	17
20	259
3	8
1	34
1	5
0	0
0	0
6	0
1	0
2	0
3	53
1	32
0	48
0	39
0	42
0	7
4	11
2	2
0	0
0	0
0	0
0	10
0	30
0	17
0	19
25	31
0	12
0	13
0	0
0	2
0	0
2	4
0	0
3	0
0	0
0	0
3	4
2	0
0	0
0	0
0	0
47	98
0	98
0	98
5	1
0	1
0	0
3	9
8	17
0	8
0	164
0	164
0	73
4	0
8	15
0	17
0	1
0	4
1	3
0	2
0	3
2	0
0	1
0	5
0	1
0	3
1	0
2	4
0	15
0	14
0	13
2	14
0	13
1	5
0	6
4	0
12	1
0	3
2	3
0	3
0	1
0	0
5	2
21	425
7	425
0	48
2	18
7	0
3	0
1	0
8	0
7	0
0	1
0	1
0	2
9	3
0	1
1	0
0	16
0	15
0	3
0	2
131	73
6	36
8	17
1	0
0	2
0	29
1	14
0	21
0	21
0	13
0	11
0	7
0	11
21	32
245	0
9	36
0	0
23	43
0	31
2	7
0	260
1	245
0	249
0	33
0	72
1	57
0	26
0	20
0	1
16	1
0	371
1	371
10	348
0	341
0	333
16	308
0	170
0	74
0	7
2	1
1	28
5	28
1	28
0	1
0	1
0	0
0	0
0	0
88	103
0	91
0	96
5	39
0	14
3	0
2	6
3	9
1	0
0	208
0	241
2	197
1	154
1	137
2	25
4	25
0	25
1	6
0	2
8	1
0	11
0	14
0	13
0	14
0	4
0	0
4	0
17	26
0	26
0	0
0	3
4	126
0	98
0	98
3	8
1	25
0	104
141	129
6	126
0	56
2	3
11	12
0	0
0	1
0	0
0	2
0	0
0	0
1	1
0	0
0	0
1	0
0	1
0	0
0	1
0	0
0	0
0	0
0	0
0	0
0	0
0	0
1	0
0	4
0	2
0	0
0	0
0	0
10	1
0	0
0	3
0	1
0	0
0	3
0	2
0	0
0	0
1	0
0	3
1	3
0	3
0	0
0	0
1	0
0	0
0	0
0	0
0	0
0	0
0	0
4	37
1	21
0	37
0	6
0	7
9	126
0	35
0	93
0	0
3	64
13	39
0	0
1	0
1	94
76	121
2	21
1	31
0	96
1	0
2	0
0	0
0	5
1	8
0	3
1	8
0	0
1	14
0	8
1	1
0	6
2	2
1	0
5	16
2	0
168	1
0	0
0	0
0	0
0	0
237	0
0	0
0	0
0	0
0	0
0	0
0	0
0	0
0	5
0	3
0	18
2	17
2	2
0	2
0	17
0	4
0	3
0	8
0	13
0	14
0	13
0	13
0	4
2	2
0	9
0	11
2	14
9	18
0	13
9	12
1	2
0	6
0	8
0	12
0	1
1	0
0	10
4	4
0	2
0	2
0	9
0	9
0	9
0	0
0	0
0	0
0	1
0	1
0	0
0	0
0	0
0	0
2	0
2	0
4	0
0	0
30	17
0	6
1	6
6	0
156	230
0	150
0	16
0	10
3	12
0	143
0	13
0	13
0	11
0	5
0	1
2	6
0	144
0	3
3	1
0	61
0	17
0	23
4	25
4	175
0	0
82	186
0	175
0	152
0	176
0	160
1	20
0	34
0	28
0	81
0	21
0	0
0	28
1	17
0	17
0	13
0	1
0	3
0	1
0	0
0	0
2	0
0	0
0	1
43	45
0	0
0	32
10	10
1	9
0	4
0	1
0	1
0	0
1	11
0	18
0	7
3	12
0	7
0	13
3	14
0	6
0	6
0	12
0	10
0	7
0	1
0	0
0	18
0	1
0	14
0	87
1	100
0	96
7	87
1	78
1	76
0	0
0	0
1	18
0	12
0	21
0	3
0	1
0	5
0	16
0	0
3	0
1	0
0	165
15	181
1	47
0	10
1	23
0	40
3	32
0	41
4	15
4	0
0	0
5	0
0	20
5	2
10	11
0	2
0	2
0	1
0	0
0	0
2	4
3	10
1	3
1	0
7	8
0	4
0	0
9	6
4	9
2	6
0	6
2	0
6	0
2	4
6	30
23	31
2	0
0	0
0	0
0	0
0	0
0	4
1	180
0	181
1	6
1	0
1	180
2	0
0	0
2	0
0	25
14	12
1	20
0	22
1	22
0	22
1	20
0	8
0	3
8	0
0	5
28	57
0	38
0	24
2	2
1	22
0	5
89	47
8	22
2	32
1	15
29	0
0	19
0	72
0	68
1	78
0	66
0	77
0	69
0	61
0	9
0	11
1	20
0	28
0	0
1	8
2	1
17	37
15	45
2	47
84	155
6	63
1	10
0	82
0	49
0	0
0	11
0	0
0	9
2	0
1	150
0	150
1	0
1	17
1	77
200	101
0	95
0	95
0	18
2	0
14	0
9	66
0	30
0	1
0	1
0	56
0	51
0	59
0	0
0	3
3	54
1	62
0	0
0	0
0	0
0	0
4	0
1	0
0	0
15	9
1	2
0	0
3	7
3	1
0	0
0	0
0	0
0	0
0	2
0	10
1	1
0	0
0	0
0	0
5	9
0	4
2	4
0	0
0	0
0	0
0	0
17	6
0	2
1	2
0	0
13	10
11	1
17	0
2	10
0	6
0	7
0	10
1	7
0	0
0	0
1	156
3	156
0	168
0	110
0	161
0	84
1	98
1	0
3	0
1	10
0	4
1	0
0	0
196	0
39	58
6	33
0	11
1	20
0	23
4	42
0	45
0	39
0	33
2	35
0	27
2	1
0	1
0	7
18	11
152	5
1	5
0	0
0	0
0	0
0	0
0	0
0	0
0	13
0	13
0	4
0	6
0	5
0	3
0	2
0	4
0	0
0	0
0	0
2	3
0	0
0	0
0	0
0	0
0	0
0	0
0	0
0	0
0	5
0	5
2	3
5	104
0	107
1	101
1	100
8	1
0	82
4	12
2	8
19	61
5	0
0	61
7	1
1	219
16	185
0	28
5	131
0	235
0	16
24	25
1	25
0	41
0	27
1	25
0	37
0	34
0	23
0	28
2	22
9	94
0	30
2	2
2	9
0	16
6	5
0	16
2	4
0	5
0	2
0	10
0	4
0	2
1	6
0	71
0	66
0	74
0	70
5	47
0	57
1	46
2	1
1	5
0	23
0	10
0	20
3	1
0	0
1	463
1	469
0	112
0	253
2	218
0	0
0	29
1	15
0	25
0	46
0	0
1	95
0	26
13	39
0	29
0	9
1	0
0	7
1	3
17	152
2	163
0	171
0	0
4	156
0	0
0	112
0	82
3	9
16	19
48	458
7	445
0	107
2	135
0	10
0	429
1	2
9	10
0	24
0	33
0	33
0	3
0	1
0	1
2	7
0	0
0	124
0	159
0	160
2	63
7	18
0	25
2	7
0	193
16	87
3	176
0	44
0	73
0	29
2	171
1	30
8	41
1	20
3	45
0	45
0	45
0	37
8	20
0	17
0	17
0	33
0	36
0	36
1	34
0	35
4	31
1	21
14	12
2	5
0	3
0	3
0	3
0	4
0	2
2	3
0	1
0	0
0	0
0	0
5	0
3	0
0	0
0	0
0	85
0	85
0	75
0	82
2	91
1	143
0	85
0	83
0	79
2	18
3	11
4	10
1	1
3	5
1	5
1	7
0	7
0	11
1	50
0	68
1	16
0	18
0	39
1	64
0	66
0	32
2	8
0	14
0	21
7	2
1	0
1	0
0	12
0	12
0	11
0	11
0	8
13	9
2	1
1	0
0	52
1	46
0	46
0	51
0	45
0	41
0	41
4	21
0	0
0	43
0	42
0	43
0	0
2	0
0	0
0	0
0	0
0	0
0	0
0	0
0	0
12	2
1	13
0	45
1	47
0	43
0	37
0	40
0	39
10	39
0	37
0	2
1	10
16	10
0	1
1	3
3	1
0	9
1	9
0	0
0	2
0	2
13	9
0	2
19939	0
1740	0
4585	0
690	0
1	0
2	0
10	0
0	0
0	0
13	0
201	0
0	0
131	0
6	0
4	0
0	0
19	0
128	0
4	0
0	0
0	0
729	0
1084	0
180	0
1899	0
0	0
9	0
27	0
3	0
0	0
1	0
14	0
237	0
0	0
97	0
1	0
3	0
67	0
1	0
15649	0
0	0
125	0
0	0
45	0
45	0
0	0
0	0
46	0
12	0
0	0
350	0
165	0
21937	0
2	0
0	0
16	0
0	0
918	0
0	0
658	0
214	0
4923	0
1022	0
0	0
0	0
0	0
13	0
34799	0
151	0
0	0
2216	0
1	0
0	0
0	0
4	0
10	0
768	0
0	0
3	0
2	0
1	0
0	0
13	0
1	0
13	0
50	0
5	0
0	0
51	0
0	0
18	0
1900	0
