"","baseMean","log2FoldChange","lfcSE","stat","pvalue","padj"
"ENSG00000100167",552.867513279583,-4.7622305184808,0.172397187861621,-27.62359744698,5.79479259074784e-168,3.48267034703945e-165
"ENSG00000225783",498.243473716026,-4.58709376519327,0.20935878479569,-21.9102043875052,2.07648284814963e-106,6.23983095868964e-104
"ENSG00000008735",323.176550092337,-5.31391369122054,0.244955546903026,-21.693379710745,2.36925553873902e-104,4.74640859594051e-102
"ENSG00000128245",806.221865253741,-2.55196148827614,0.132270920368544,-19.2934431934521,6.09739893578885e-83,9.16134190102274e-81
"ENSG00000251322",243.750095301367,-4.05290301886227,0.21370886356419,-18.9645995550621,3.34565509579955e-80,4.02147742515106e-78
"ENSG00000100095",285.336289211326,-5.22344476932381,0.276160907767547,-18.9144973904871,8.66425306789422e-80,8.67869348967405e-78
"ENSG00000100427",205.519580835913,-5.45237885285423,0.297045135354313,-18.355388471017,2.98941622670859e-75,2.56662736035981e-73
"ENSG00000100321",396.20395948028,-3.68072656664029,0.205499029842757,-17.9111627410441,9.64985271789527e-72,7.24945185431882e-70
"ENSG00000221890",271.69604640845,-3.24443147085656,0.186685953518876,-17.3790872301944,1.18829780636033e-67,7.93518868469508e-66
"ENSG00000128268",206.082212079595,-4.52266908279984,0.261971928941322,-17.2639454199417,8.78948725096327e-67,5.28248183782892e-65
"ENSG00000184702",423.270369277086,-2.46740677083044,0.153167164699619,-16.1092410091245,2.1970399952253e-58,1.20038276102764e-56
"ENSG00000100219",392.730756674832,2.86781763868335,0.182313696560307,15.7301272081591,9.40219963632413e-56,4.70893498452567e-54
"ENSG00000183741",608.132994235814,-1.96755157580695,0.127808801517077,-15.3944920259976,1.78218556034214e-53,8.23918093665867e-52
"ENSG00000100285",152.424756424597,-3.86459337799246,0.255190658436068,-15.1439453218098,8.30766771004783e-52,3.56636306695625e-50
"ENSG00000130540",166.827238985672,-6.29263252444017,0.430761285228954,-14.6081663794265,2.49133201921426e-48,9.98193695698512e-47
"ENSG00000100307",189.767147611745,-3.90636751354597,0.279001607564558,-14.001236579406,1.53181995936891e-44,5.75389872237948e-43
"ENSG00000237517",133.967000267005,-3.65527864377028,0.269366540663077,-13.5699060275726,6.0399422481417e-42,2.13529723007833e-40
"ENSG00000100316",1717.79169616174,1.62743740033179,0.120485567824173,13.5073223268263,1.41577832756454e-41,4.72712652703495e-40
"ENSG00000099901",246.272899635246,2.41886619122771,0.186298643755812,12.9838099862831,1.51169521270717e-38,4.78173064651058e-37
"ENSG00000100097",292.114387362993,2.35560153215218,0.184531196222518,12.7653295506287,2.56064621555682e-37,7.69474187774823e-36
"ENSG00000128266",145.956750347151,-3.50561587490083,0.276016875358403,-12.7007302374134,5.85805290335171e-37,1.67651894995923e-35
"ENSG00000100345",1166.55853482038,1.65100719299487,0.140398875137249,11.7594047059202,6.31781592647176e-32,1.7259124417316e-30
"ENSG00000211679",1481.55555236262,13.7136723363882,1.18446107141921,11.577984846692,5.32838868523888e-31,1.39233113036025e-29
"ENSG00000243156",437.66197868306,-1.99365502748078,0.178523682187911,-11.1674541049534,5.88433264633441e-29,1.47353496685291e-27
"ENSG00000100297",183.887252419688,3.01923118809716,0.278005046405128,10.860346699237,1.78071851836565e-27,4.28084731815103e-26
"ENSG00000182902",68.2151789257568,-4.49758805201539,0.417809624953994,-10.764682724843,5.05353192179731e-27,1.16814334038469e-25
"ENSG00000206195",98.3810856830683,4.04079310403384,0.376409388060227,10.7351018125703,6.96421619113995e-27,1.55018293736115e-25
"ENSG00000167074",199.515734554455,-3.36483204983352,0.319730036372617,-10.5239785664432,6.69839916584629e-26,1.43776353524058e-24
"ENSG00000241973",770.617978335172,-1.4303756787249,0.136413921941304,-10.4855549812603,1.00652975905687e-25,2.08594615583855e-24
"ENSG00000100353",319.189898533736,1.64912292092488,0.160104007679052,10.3003225517674,7.02254344269473e-25,1.40684953635318e-23
"ENSG00000131100",336.265642602557,-1.48888178969158,0.145397761965918,-10.2400598851073,1.31155164424313e-24,2.54271786512941e-23
"ENSG00000225465",112.499558211245,-3.94558449834926,0.395772435769767,-9.96932616258432,2.07632696177717e-23,3.89960157508775e-22
"ENSG00000183785",62.6364020405726,-4.78927055656223,0.484240203988986,-9.89027866151973,4.587491407094e-23,8.35479495655603e-22
"ENSG00000100346",68.2227200353633,-5.77887046602474,0.587125587977226,-9.84264795192149,7.37438930340561e-23,1.30353175627846e-21
"ENSG00000100362",73.492354525396,-3.11754992651151,0.318594197500208,-9.7853317824769,1.30167663423023e-22,2.2351647347782e-21
"ENSG00000186732",69.6266118860188,-5.95412463325655,0.611654480059406,-9.73445765112073,2.14961292843762e-22,3.58865936108613e-21
"ENSG00000100364",298.359371135874,-1.50712267095197,0.1580347528943,-9.53665344710598,1.47515811518403e-21,2.39613520871784e-20
"ENSG00000219438",82.1184318861739,-3.18185346834261,0.334345545797012,-9.51666175410748,1.78831495547433e-21,2.82836128484229e-20
"ENSG00000100320",590.226018047601,-1.25370193331453,0.13256303280624,-9.45740231476903,3.15688166278859e-21,4.86483558804087e-20
"ENSG00000185686",253.431277038985,11.1653104966435,1.19024535426646,9.38067975365008,6.55487556019348e-21,9.84870052919071e-20
"ENSG00000172346",50.292335969646,-4.85826684572261,0.518765181467268,-9.36505960554554,7.60073785489338e-21,1.1141569392173e-19
"ENSG00000240972",277.572044703164,1.61560664428226,0.172960775877085,9.34088457969448,9.55325982993632e-21,1.36702598995041e-19
"ENSG00000128272",628.930061339736,1.21467817071492,0.133893007836508,9.0720060019722,1.16845664671964e-19,1.63312196436861e-18
"ENSG00000241360",179.5884928958,-1.78363552231185,0.198649956172668,-8.97878638725449,2.73769712587688e-19,3.73944539239092e-18
"ENSG00000183773",58.8961774656019,-3.70432121006791,0.419767202049783,-8.82470376908721,1.09749929041357e-18,1.46577127453013e-17
"ENSG00000198832",68.6368076345921,-2.70362056816604,0.306831758761685,-8.81141045854361,1.23580973175733e-18,1.6146122799699e-17
"ENSG00000128342",57.1650064909427,5.271403275009,0.605453740456382,8.70653350169328,3.13309386531301e-18,3.98944250271645e-17
"ENSG00000040608",54.879942929869,-3.18144445774918,0.365488941759885,-8.70462576085077,3.18624359617953e-18,3.98944250271645e-17
"ENSG00000100129",642.99803613564,1.06494256667595,0.122868863931207,8.6673102737582,4.42448049611135e-18,5.42676077176106e-17
"ENSG00000100033",112.511291450035,-2.20443017514693,0.257277324502463,-8.56830340337991,1.05020796375446e-17,1.26234997243286e-16
"ENSG00000100241",600.88389264701,-1.16842679481862,0.140267190231901,-8.33000784350837,8.08369989819164e-17,9.52608556630035e-16
"ENSG00000100100",101.19069126233,-2.37070368326259,0.285618323426465,-8.30025068007567,1.03891945336496e-16,1.20075113744681e-15
"ENSG00000073150",42.152825213165,-3.72375560967957,0.451309695503533,-8.250998475725,1.57076555133782e-16,1.78118886104533e-15
"ENSG00000168135",41.3970680861817,-5.61718406898571,0.681890141168182,-8.23766722798282,1.75600784082533e-16,1.95437168951116e-15
"ENSG00000241878",186.520833392974,-1.57675706031572,0.198432441117008,-7.94606492486764,1.92529545804842e-15,2.10382285506746e-14
"ENSG00000100412",412.868846921809,-1.17243933077073,0.147857529629288,-7.92952062509293,2.19993422870554e-15,2.36100084187863e-14
"ENSG00000184113",43.2045429021902,-6.37142233206594,0.804008444749081,-7.92457140677716,2.28934565929735e-15,2.41385393199598e-14
"ENSG00000099937",57.5322223758515,2.97429791450466,0.384504728705992,7.73540009381506,1.03078419590528e-14,1.06810569265357e-13
"ENSG00000093009",67.8078430825747,7.44394656179059,0.969978786636193,7.67433954674987,1.66273106543903e-14,1.69373113615061e-13
"ENSG00000138867",159.541865191365,1.69198081460671,0.221424249729694,7.64135281782466,2.14951147768318e-14,2.15309399681265e-13
"ENSG00000100300",54.9659257972087,2.86598753499507,0.379203882552075,7.55790662191199,4.09607918170843e-14,4.03564522656847e-13
"ENSG00000099958",38.6291591062133,3.81036945089187,0.506543100079399,7.52230057085883,5.38206762552483e-14,5.2171332950652e-13
"ENSG00000100196",44.2944861323557,3.43822314081187,0.460136096085337,7.47218740295093,7.88725705509806e-14,7.52419284145068e-13
"ENSG00000075218",46.3700252741316,3.55459904343866,0.480559328548655,7.39679542622544,1.39510222127173e-13,1.31008817966299e-12
"ENSG00000100106",95.8309020268686,1.97094240360719,0.267591849568887,7.36547995307983,1.76510651337473e-13,1.6320446377511e-12
"ENSG00000093100",32.3107531465282,-3.58069075498236,0.511621844207232,-6.99870577365733,2.58337730286821e-12,2.35243902882393e-11
"ENSG00000261675",27.7859601375431,-8.50369568542188,1.24944623705191,-6.80597166428425,1.00369467830907e-11,9.00329106960821e-11
"ENSG00000100302",45.0075326706782,-2.59609252083881,0.381566914744042,-6.80376736169667,1.01918074149962e-11,9.00775920060693e-11
"ENSG00000221963",145.758492250871,1.55505240872195,0.23006006051561,6.75933234667839,1.38629069358136e-11,1.20747928527884e-10
"ENSG00000183864",195.111606846781,-1.31176246875384,0.194673639466601,-6.73826447354671,1.60289617551336e-11,1.37620085926219e-10
"ENSG00000128340",39.2757672844631,3.46966395636776,0.51907415385709,6.68433196025209,2.31980417028187e-11,1.96366522019634e-10
"ENSG00000185386",60.5214956899632,-2.17677141874979,0.327133888442287,-6.65406885576703,2.8509918775579e-11,2.37978627557263e-10
"ENSG00000273032",28.523501156798,-3.50018524465629,0.531707744885694,-6.58291190663163,4.61322507261476e-11,3.79801132690613e-10
"ENSG00000133454",34.2974053473691,8.26804569447896,1.25698237144598,6.57769423207401,4.77799501724918e-11,3.88050676400913e-10
"ENSG00000239900",136.426244255099,1.57261986237561,0.240237945012147,6.54609271776821,5.90619206178918e-11,4.7328285721804e-10
"ENSG00000100399",24.74199712182,-4.87721127334306,0.754719876936108,-6.46228014179616,1.03136932922355e-10,8.15596009030729e-10
"ENSG00000100065",34.1886096163257,4.06106918762492,0.629051144615185,6.45586487265552,1.07602590312267e-10,8.39859178930809e-10
"ENSG00000183765",38.2326321084013,3.38645418856559,0.531846285804382,6.3673551530849,1.9231551869577e-10,1.48181572738664e-09
"ENSG00000070010",134.116138853917,1.56121466969577,0.246886792039571,6.32360547438901,2.55529641279009e-10,1.94396600517322e-09
"ENSG00000133466",45.7950840299788,2.76316051353366,0.438009802514599,6.30844446327559,2.81853831760298e-10,2.11742691109924e-09
"ENSG00000128203",55.733315347082,-2.35837620211411,0.375343260787203,-6.28325175512121,3.31563472425885e-10,2.46011909787601e-09
"ENSG00000169635",77.9016682547707,1.91768479238505,0.306597028295731,6.25474031188368,3.98177904478314e-10,2.91835269013984e-09
"ENSG00000100351",32.0644415786104,6.91688980759363,1.11129963815141,6.22414474920511,4.84189907242736e-10,3.50600161750463e-09
"ENSG00000100077",227.420129063517,-1.5006411115682,0.243246985362928,-6.16920743880635,6.86331384616318e-10,4.91053764469532e-09
"ENSG00000100403",437.429008445292,-0.849537980141078,0.138728212055978,-6.12375786835831,9.13937502184568e-10,6.4620757507403e-09
"ENSG00000100075",102.513255201542,1.66496447830357,0.273019739610009,6.09833003533686,1.07182278085075e-09,7.49029641036395e-09
"ENSG00000232775",18.3865945479151,4.46546208348744,0.733765099676856,6.08568339575429,1.15995460983331e-09,8.01301977597492e-09
"ENSG00000100027",58.3451917388894,-1.99898166840694,0.330115690369991,-6.05539732499991,1.40071495004372e-09,9.56624642018493e-09
"ENSG00000100023",143.005175043008,1.34214730319904,0.22884798813902,5.86479834982737,4.49678852593033e-09,3.03659539784733e-08
"ENSG00000100234",398.770918227251,0.843942497480243,0.144220979358481,5.85173184396779,4.86480535914586e-09,3.24860891205185e-08
"ENSG00000100038",122.927235036846,1.76861138478725,0.302612192869709,5.84448157232294,5.08148286548362e-09,3.35601231006116e-08
"ENSG00000166862",23.4373416412931,-7.32356055630353,1.26489235203823,-5.78986863546326,7.0441494617304e-09,4.58743036105191e-08
"ENSG00000100028",164.453198465434,1.33292614318063,0.230268517374893,5.78857309013084,7.0986859164364e-09,4.58743036105191e-08
"ENSG00000161179",63.2845426994289,1.86358844021373,0.327372853875457,5.69255641740748,1.25151225007219e-08,8.00169002439775e-08
"ENSG00000100162",22.98162205519,4.93241192128856,0.868283365961331,5.68064771784218,1.3418560334539e-08,8.48900501163993e-08
"ENSG00000183628",61.1550638960816,-2.04770012151667,0.360589396257561,-5.6787585624233,1.35675825085173e-08,8.49387196626969e-08
"ENSG00000272872",24.8615308097902,4.30020211763027,0.759536128742128,5.66161628776219,1.49953834863664e-08,9.29095409825379e-08
"ENSG00000100342",46.2736214843592,2.5291501133032,0.446941803878385,5.65879067779346,1.52443347965331e-08,9.34882164562895e-08
"ENSG00000099889",103.782867399352,-1.69902509224203,0.302390569904699,-5.61864443318286,1.92461469495743e-08,1.16837720370648e-07
"ENSG00000214076",30.1318904513068,-2.71703070735227,0.489564669777007,-5.54989131178494,2.85847252136772e-08,1.717941985342e-07
"ENSG00000198792",195.901481334157,-1.00358840607822,0.181019945197348,-5.54407639989121,2.95509795723515e-08,1.758429576533e-07
"ENSG00000185340",55.2823003384762,-1.82544704766962,0.330328188592812,-5.5261618920443,3.27312123080282e-08,1.92857437226715e-07
"ENSG00000100060",26.4308451243853,3.3080775941888,0.601279967314554,5.5017259413504,3.76091245576012e-08,2.19447416107945e-07
"ENSG00000185666",42.1987435261358,-2.44981310031594,0.447408771336143,-5.47555894579315,4.36132748078609e-08,2.52034405380043e-07
"ENSG00000100029",142.765923310594,1.26786040542681,0.232182154471985,5.46062813617223,4.74452906086037e-08,2.71567806245437e-07
"ENSG00000188677",138.826501400941,1.16163859523758,0.216802423673348,5.3580517023546,8.41241695789152e-08,4.76968169027623e-07
"ENSG00000244509",26.2367830838523,3.13161999456362,0.589899269112134,5.30873686159514,1.10387564667382e-07,6.2002734920651e-07
"ENSG00000167037",130.304268225139,-3.99743112124369,0.755842303950839,-5.28871048940877,1.23181680186996e-07,6.85483238818376e-07
"ENSG00000196419",706.747825406048,0.916672863972391,0.174024299837356,5.26749922182775,1.38294747321077e-07,7.62524248990528e-07
"ENSG00000183307",22.4345733889325,-2.91376740969769,0.55600361107773,-5.24055483030009,1.60094508515353e-07,8.74698178342974e-07
"ENSG00000242114",19.4549380786194,4.02672153053115,0.810300601929506,4.96941693112733,6.71545325240193e-07,3.63602468891312e-06
"ENSG00000100003",69.1308365785281,-1.41821233010087,0.288536431952612,-4.91519327560616,8.86949135904235e-07,4.75943241677183e-06
"ENSG00000100314",16.418620289278,-3.59692095838116,0.737343606035646,-4.87821543299213,1.07049966773035e-06,5.69354248058357e-06
"ENSG00000138944",165.512877595419,-0.922453350429885,0.189740566037331,-4.86165594261163,1.16407822892296e-06,6.13693873318156e-06
"ENSG00000185133",37.8987526860715,-2.70763321877899,0.561208987461236,-4.82464336686342,1.40254000805162e-06,7.32979604207845e-06
"ENSG00000205704",12.6464567651395,-6.38162400640539,1.33968123928896,-4.76353913098946,1.90226700537512e-06,9.85571095026247e-06
"ENSG00000183473",28.1566035876825,-2.1475167834051,0.467231073932533,-4.59626275566422,4.30136219108662e-06,2.20061990901631e-05
"ENSG00000228315",53.9881121987509,-1.67778330127554,0.365106298142599,-4.59532829154387,4.32068467993219e-06,2.20061990901631e-05
"ENSG00000205593",63.0333656104044,-1.66403986514702,0.363633495110515,-4.57614572783315,4.73620687586903e-06,2.39198347260276e-05
"ENSG00000100379",43.3233995347395,-1.85300434956202,0.406576771014271,-4.55757554702252,5.17474798879683e-06,2.59168628438908e-05
"ENSG00000100181",69.3458107647987,1.35461769343097,0.298769513625405,4.53398901713038,5.78800399235976e-06,2.87486809868448e-05
"ENSG00000197182",83.1159543048386,-1.31246400860193,0.289863671129848,-4.5278665087147,5.95822002243862e-06,2.93515592908657e-05
"ENSG00000133424",136.005659606909,-1.13357733296507,0.250474892985041,-4.52571241554647,6.01923878427605e-06,2.94110773117878e-05
"ENSG00000179750",13.5303336209127,5.87539251986639,1.31096243208742,4.48173980890599,7.4036975909579e-06,3.58840504206911e-05
"ENSG00000100031",39.0129588097972,2.01838359243517,0.453017337739471,4.45542239620847,8.37281792390343e-06,4.02565085781277e-05
"ENSG00000237037",62.6410110062921,-1.41244572127865,0.317146742250609,-4.45360312155605,8.44411231965349e-06,4.02770754294583e-05
"ENSG00000242247",107.496362588185,1.19499402473715,0.270498988184484,4.41773935184611,9.97385941924769e-06,4.7199130007621e-05
"ENSG00000100368",19.0316480783748,3.13188763359174,0.716630167029604,4.3702983459003,1.24076892772392e-05,5.8257978559537e-05
"ENSG00000100304",139.971787716298,1.16356445529261,0.268619565586133,4.33164446809261,1.47999788648412e-05,6.89518395175937e-05
"ENSG00000128309",80.2149353437286,1.21028939937866,0.279612558764455,4.3284514999135,1.50161390911301e-05,6.9188708678611e-05
"ENSG00000100030",783.298784058336,-0.716479015882819,0.165564148076923,-4.32750099707538,1.50810662843562e-05,6.9188708678611e-05
"ENSG00000198951",76.844011071734,1.23373546199117,0.286934152349803,4.29971633522075,1.71016864365431e-05,7.78644965785029e-05
"ENSG00000166897",65.5108635400947,-1.87289988062012,0.438969674659076,-4.26658147188574,1.98491028489891e-05,8.9694066257462e-05
"ENSG00000219016",9.85763511746308,-5.11824327688903,1.20483936689005,-4.24807108527697,2.15618984384328e-05,9.67067235932697e-05
"ENSG00000185651",291.53477473228,0.746718827685069,0.177474503956567,4.20747099463826,2.58244537480749e-05,0.00011496664224143
"ENSG00000128165",14.022591560004,3.44580734585841,0.825430094887818,4.17455986545623,2.9856270395476e-05,0.000131938371380008
"ENSG00000100243",223.348811176416,0.701207811467278,0.171313065831595,4.09313678477147,4.25576494499412e-05,0.000186694505981129
"ENSG00000100284",91.0602510957226,-1.0748487247215,0.263029552813778,-4.08641809721846,4.38084034600144e-05,0.000190788771590353
"ENSG00000100146",113.273793755624,-0.915316039710138,0.224160940547028,-4.08329853308279,4.44009237578245e-05,0.000191978094809011
"ENSG00000100292",38.827516258163,1.69269601510117,0.417366718741947,4.05565642656751,4.99937010160371e-05,0.000214615816504559
"ENSG00000184792",108.52206119161,-1.12355966732494,0.279380204210213,-4.02161516955418,5.78004350514238e-05,0.00024636923025465
"ENSG00000099917",152.77586251282,0.88521636187192,0.222335069692877,3.98145179298397,6.84956142516747e-05,0.000289900451868003
"ENSG00000099991",343.435802900428,-0.661796532683561,0.168391950069165,-3.93009601950531,8.49119459260384e-05,0.000356867688822022
"ENSG00000100225",271.278236007433,0.663205825383918,0.171284519966846,3.87195425197962,0.000107966219560141,0.000450609013580867
"ENSG00000198911",554.720512822203,-0.677293149005605,0.176369240056425,-3.84019996224354,0.000122934136375604,0.000509540799736123
"ENSG00000069998",71.0496822938834,1.16887270711759,0.305258498907031,3.82912420555924,0.000128600094226683,0.00052937436048107
"ENSG00000100281",72.7391929955613,1.22115617285907,0.31908267537857,3.82708390986834,0.000129670321146115,0.000530148727951122
"ENSG00000159873",125.069684021946,1.02358319333055,0.269047851643815,3.80446521716012,0.000142110878347742,0.00057708539112833
"ENSG00000188511",17.6063686609604,2.27785344037701,0.601585307628304,3.78641800504942,0.000152834495796748,0.000616466657542588
"ENSG00000182944",534.148846491192,0.49564535077541,0.131064015730254,3.78170429170665,0.000155758321299844,0.000624071674008041
"ENSG00000100138",233.316829531331,0.704460237552688,0.18660339373614,3.77517377068075,0.000159896159559593,0.000636407893346461
"ENSG00000100242",393.62313557211,-0.684281805696994,0.182173539684389,-3.7562085409467,0.000172506962132283,0.000682083448957252
"ENSG00000133519",15.6359129788805,-2.73779541268048,0.734299692161677,-3.72844417872598,0.000192665573427191,0.00075681052045583
"ENSG00000273164",4.54673315134952,-5.88393757589421,1.59680654645322,-3.68481553946747,0.000228868331750583,0.000893180957026627
"ENSG00000186951",127.925725965962,0.810783989482584,0.222620399075794,3.64200222822592,0.000270525730986239,0.00104894170530793
"ENSG00000100151",67.7138106992402,-1.16766384946013,0.323001105168497,-3.61504598831327,0.000300294309988627,0.00115690307886644
"ENSG00000099977",71.7493646439791,1.07577179416654,0.298820816727201,3.60005640152115,0.000318148162922873,0.00121787927335444
"ENSG00000185608",59.8072257099814,1.12612883580173,0.314141897229197,3.58477759806776,0.000337365565371212,0.00128327028346898
"ENSG00000070413",284.509676201022,-0.554903799131938,0.155554622811859,-3.56726009874412,0.000360733378766853,0.00136352679647094
"ENSG00000100426",107.70222984565,0.856760958695427,0.240364290573672,3.56442696479837,0.000364651966427175,0.00136385788520593
"ENSG00000128228",21.8378879833629,2.0538550159136,0.576291260083475,3.56391838324271,0.000365359599863819,0.00136385788520593
"ENSG00000253352",418.658782686375,0.533588854170653,0.15080341542618,3.53830748900944,0.000402700807568233,0.00149397027992906
"ENSG00000169548",4.78661857249307,5.43435260579573,1.54081899868435,3.52692471369833,0.00042041628898602,0.00155012386307115
"ENSG00000100330",215.07159147801,-0.821596308675058,0.234643320897489,-3.50146897654076,0.000462700837937994,0.00169562929024838
"ENSG00000100335",162.457299680641,0.658995201014762,0.188381171883336,3.49820098487803,0.000468408001275327,0.00170614065919074
"ENSG00000188636",197.163562005202,-0.646654285322964,0.189203217993455,-3.41777635803919,0.000631349616196393,0.00228578987550622
"ENSG00000273253",7.72617537041855,-3.39964849302845,1.00882698577741,-3.36990241236327,0.000751948085058885,0.00270611256958317
"ENSG00000239713",26.0022434087063,1.63379852369817,0.485968664371441,3.36194212400782,0.000773963437880326,0.00276876206051236
"ENSG00000128311",38.6675992575753,1.28333205568059,0.385054170966104,3.33286106851069,0.000859578541777159,0.00305684440004777
"ENSG00000271127",6.23478744545785,4.81777163328085,1.45417960451403,3.31305130282783,0.000922840504430233,0.0032534050615341
"ENSG00000213923",323.255885650273,0.595532743613339,0.179800150451218,3.31219268793056,0.000925677646459785,0.0032534050615341
"ENSG00000128242",12.7497534111704,-2.31430550574295,0.700508205546024,-3.30375217223761,0.000954001265422838,0.00333345790999492
"ENSG00000133460",65.5107715535812,-1.03788004855463,0.314931177539378,-3.29557732792224,0.000982196681092323,0.00341213991523981
"ENSG00000099968",222.474375965814,-0.587522291457639,0.179052921289078,-3.28127732978505,0.00103338082525283,0.00356932112630433
"ENSG00000093000",237.681685918406,0.730835854452583,0.22457505948955,3.25430551421757,0.00113669962298247,0.00390375127664267
"ENSG00000100354",518.870446633379,-0.606244823934977,0.190390088163895,-3.1842247134898,0.00145142290979135,0.00495627936809432
"ENSG00000070371",58.4503388456287,1.15045185541846,0.363763426940262,3.16263750068362,0.00156346881830762,0.00530872745651343
"ENSG00000015475",98.5598245198695,0.77284642609848,0.246036094112025,3.14119125036422,0.00168262115859824,0.00568120964223338
"ENSG00000100014",305.745400944355,-0.637952128894143,0.204939184572839,-3.11288507477888,0.001852681466537,0.00622045565021642
"ENSG00000100216",92.9104616962311,0.806384164987204,0.259280813595157,3.11008035575783,0.0018703645384226,0.006244939375511
"ENSG00000099998",17.8272611277571,-1.71695899940538,0.552543192431472,-3.10737517523269,0.00188756680333071,0.00626755607072794
"ENSG00000077942",71.7037477461421,0.955864800619372,0.30804713314674,3.10298229642683,0.00191581100429649,0.00632638688781423
"ENSG00000100413",127.071793732656,-0.715419534186163,0.23505030104399,-3.04368695129759,0.00233698185316599,0.00767500597679102
"ENSG00000211666",3.51702799193038,4.99636350620055,1.64523202962731,3.03687468771949,0.00239044810190914,0.00780793102851845
"ENSG00000184708",106.011047641339,-0.734240429862843,0.242130798947775,-3.03241236989934,0.00242607526607952,0.00788146613466915
"ENSG00000271275",4.16987295952027,-4.74188222211377,1.57501586595742,-3.01068854263971,0.00260656066566621,0.00842227397884621
"ENSG00000100239",201.64977866444,-0.605458852034926,0.201976172952467,-2.99767464243129,0.00272047936939209,0.00874335882890185
"ENSG00000133477",35.4403047466978,1.32654951674612,0.44349502702284,2.99112602378245,0.00277950758839411,0.00888555351396204
"ENSG00000270022",17.1147653590106,-2.67687543731842,0.895620932293551,-2.98884867559241,0.00280030784155908,0.00890468260728576
"ENSG00000128159",244.345639978494,-0.534779218583699,0.179717115464341,-2.97567216790662,0.00292347198220752,0.00924740348056167
"ENSG00000224271",16.3061759721597,1.80776141976327,0.609870339663049,2.96417336964124,0.00303497246440727,0.00954983482255901
"ENSG00000100258",101.392003238033,0.733285333203206,0.249263596900114,2.9418067552682,0.00326303482468207,0.0102139788001767
"ENSG00000128285",8.81571231131021,-2.58696505140055,0.880271116212544,-2.93882759953687,0.00329456276511523,0.0102592343100221
"ENSG00000100068",14.7615739770104,1.83027832214728,0.624660683070303,2.93003605277537,0.00338922678878469,0.0104996149487608
"ENSG00000169184",74.6982469054836,1.25952696033598,0.431737947017735,2.91734133873629,0.00353029203227695,0.0108805410840946
"ENSG00000100359",148.070795790222,-0.656338946067394,0.226729563569354,-2.89480972721331,0.00379388422533491,0.0116332878542157
"ENSG00000185721",124.316601440543,0.615678703911077,0.214460901657793,2.87082027144273,0.00409408228218998,0.0124900682822141
"ENSG00000273289",2.69050303172175,-5.14201479100487,1.80645958216779,-2.84645991627133,0.00442082944700005,0.0134187802911466
"ENSG00000215270",3.0995415771217,4.81414267395106,1.69762712590055,2.83580687449094,0.00457100776074794,0.0138049028352237
"ENSG00000100410",57.7262044092761,1.12407448692468,0.398406848094507,2.82142360830614,0.00478110230540383,0.0143672124277385
"ENSG00000183963",81.1217366454647,0.767116673682926,0.272564632276095,2.81443952312152,0.00488623705886285,0.014610091902371
"ENSG00000235111",5.76383562891552,3.72037029782055,1.32282979565296,2.81243309611433,0.00491682508666407,0.0146287716687382
"ENSG00000170638",67.3344920924029,0.804052044553961,0.286944667880242,2.8021153015101,0.00507687252638325,0.0150305437850066
"ENSG00000186716",305.487873107401,-0.66381256554619,0.237254604639916,-2.79789117919825,0.00514374393100117,0.015153873051626
"ENSG00000215513",54.9180234361415,1.1041675868134,0.395318118605851,2.79311150904849,0.00522036928916994,0.0153045948428836
"ENSG00000231010",7.62753951784751,-2.54883551748371,0.918667360524594,-2.77449229939793,0.00552879429541495,0.0161301231628368
"ENSG00000235159",10.2555454146801,-1.98613676064272,0.721224555129311,-2.75383962805678,0.00589006222687673,0.0171010985427677
"ENSG00000128253",4.83257506514193,-3.97277114884973,1.4455686451152,-2.74824108995054,0.00599159346207422,0.0173122484168587
"ENSG00000100228",28.4032151567953,-1.27264303150723,0.463466847586232,-2.74592031368639,0.00603414180587442,0.0173517666283757
"ENSG00000198355",83.5227067870198,0.695274326556493,0.2544237118456,2.73274185614597,0.00628095384840613,0.0179754917280576
"ENSG00000100324",90.579556483382,-0.972123134778885,0.357260732597535,-2.72104669245588,0.00650755689865388,0.0185357426355023
"ENSG00000215193",209.338375484191,-0.595012651700665,0.219236746399489,-2.714018801467,0.00664723934560378,0.0188442964467352
"ENSG00000133422",113.691392150246,0.811507529145108,0.300086263940551,2.70424750033168,0.00684592770519792,0.0193164439005819
"ENSG00000100084",125.481922848347,0.672370196072717,0.249325482932666,2.69675681829242,0.00700183826922221,0.0196640411205727
"ENSG00000212939",8.98495443663107,2.66302037556035,0.996430916431086,2.672558961838,0.00752751446214689,0.0210420287988385
"ENSG00000100218",3.81379679904869,-4.38362272365508,1.64968430424615,-2.65724945819755,0.00787811239543202,0.0219201182854382
"ENSG00000224086",15.1092887301333,-1.73880673361601,0.656879166141102,-2.64707243469266,0.00811919598172352,0.0224868054609025
"ENSG00000239282",10.5995706732342,-1.85500862079064,0.703218602932067,-2.63788331687499,0.00834252815987576,0.0229993551563547
"ENSG00000100276",8.56842448357426,-2.67796522458646,1.0286321569056,-2.6034235918139,0.00922978385277662,0.0253292241804509
"ENSG00000197077",139.730395943284,-0.536418292969977,0.206793457116773,-2.59398097236254,0.00948717372570319,0.0259172336779437
"ENSG00000100036",22.9214192113679,-1.24698546432691,0.481901756061773,-2.58763419855035,0.00966375445543964,0.0262801648313087
"ENSG00000100299",57.6038112186703,-0.833822021113269,0.32274769655845,-2.58351037049853,0.00978005268149939,0.0264766291062213
"ENSG00000075240",108.515232050781,0.623319069976135,0.241895439985086,2.57681198957105,0.00997161716677256,0.0268741790010328
"ENSG00000100139",89.5147056496817,0.677766132329591,0.265871642482427,2.54922309879057,0.0107963209327329,0.0289669146454128
"ENSG00000100344",16.983614720201,1.57881511912526,0.620027323924157,2.54636377818469,0.0108851686747256,0.0290754949933781
"ENSG00000196576",314.233698733473,-0.475662557698253,0.18838345651137,-2.52496990185305,0.0115708198687021,0.030770189119867
"ENSG00000184979",14.1239769385655,1.57400134907884,0.625954671750606,2.51456122961241,0.0119180605509452,0.0314744524820022
"ENSG00000183579",97.6760381624418,-0.606478854127355,0.241250084929425,-2.51390110102873,0.0119403912910092,0.0314744524820022
"ENSG00000138964",22.6780335635016,1.3563451906254,0.542608037641366,2.49967766146853,0.0124306352989297,0.0325616838054448
"ENSG00000099954",111.049115359517,-0.82879213215224,0.331675107515319,-2.49880715607807,0.0124612101085729,0.0325616838054448
"ENSG00000100271",22.4916559544284,-1.23704803703725,0.497059415575691,-2.48873273148746,0.012819929959286,0.0333540169070602
"ENSG00000100296",133.176233727511,0.53766781122548,0.216892985942411,2.47895435110216,0.0131768168926129,0.0341347713468119
"ENSG00000075275",33.3462959018576,1.28133070717957,0.517468980941543,2.47614978746779,0.0132807847140606,0.0342564446916326
"ENSG00000128274",15.1214647511129,1.79474159023764,0.726643538730115,2.46990648726353,0.0135148375939903,0.0347111854443938
"ENSG00000196236",103.160615804992,0.794756404001396,0.324896363253334,2.44618436489452,0.0144377151153197,0.0369236884438601
"ENSG00000227188",4.1138303574828,-3.15006350318508,1.2937053505447,-2.43491572625774,0.0148952583637367,0.0379324164262955
"ENSG00000100325",75.7503303834318,0.883976072848657,0.363290686256411,2.43324727632776,0.0149640775881034,0.037946880297258
"ENSG00000224883",2.01316812351914,-4.71377847805161,1.94319274220731,-2.42579049193913,0.0152750855630075,0.0385728000981828
"ENSG00000130638",215.470965622788,-0.524328741806349,0.216802437220114,-2.41846331862962,0.0155862169374266,0.0391937923823992
"ENSG00000100105",100.787764029714,0.584889476143275,0.242528217385224,2.41163474687259,0.0158811823011947,0.0397691273459084
"ENSG00000099953",10.8914994060571,2.1461324735706,0.899875338686253,2.3849219789752,0.0170827438647085,0.0426005355298333
"ENSG00000100347",88.3326566803542,0.762056948153525,0.320883927378418,2.37486792928346,0.017555230320297,0.0435979067045393
"ENSG00000100220",179.241089115178,0.485711590612895,0.206994492346987,2.3464952381375,0.018950908365232,0.0467934659271663
"ENSG00000182057",4.4291356792865,2.91310355262443,1.24195632215904,2.34557649141818,0.0189976800103637,0.0467934659271663
"ENSG00000075234",50.9711977385601,0.937793921426941,0.401045788968617,2.33837119656261,0.0193680005808304,0.0475108912207309
"ENSG00000025770",126.503348508571,0.504826885922706,0.216870552406932,2.32777977609177,0.0199238004965262,0.04867562641631
"ENSG00000198125",3.59732851066022,3.71164223155053,1.60408799616716,2.31386447652448,0.0206751572421822,0.0503067591196418
"ENSG00000185252",69.1712114069272,0.651790436496002,0.28340493880357,2.29985560324961,0.0214564020663204,0.05199716791072
"ENSG00000128335",127.995435723334,-0.499461479878068,0.21760705230291,-2.29524491321547,0.0217190925969162,0.0522219973069377
"ENSG00000182541",97.7369330227671,-0.589769446765845,0.256960290015884,-2.29517738608323,0.021722960610207,0.0522219973069377
"ENSG00000211685",2.15135230734239,4.28803436961378,1.88346020244033,2.27667904214696,0.022805398933064,0.0546057560110418
"ENSG00000231711",11.3274624487788,-1.68809933764808,0.750670318345195,-2.24878924395117,0.0245259080255548,0.0584923441403112
"ENSG00000183172",28.9674536071271,-1.05182327538593,0.468377600279371,-2.24567373580323,0.0247249136619764,0.0585957857865328
"ENSG00000099960",12.4895217767981,-1.71170724876898,0.762787602739031,-2.24401555901349,0.0248314002797927,0.0585957857865328
"ENSG00000100083",184.091194088087,0.423320393477458,0.188683815802533,2.24354373838021,0.0248617726714906,0.0585957857865328
"ENSG00000100209",26.1952295577944,1.01750830573875,0.460026511529279,2.21184710062953,0.0269772314037874,0.0633332659127977
"ENSG00000185022",42.5899762341463,0.822199578735572,0.372517280114736,2.20714480273863,0.027303944572055,0.0638508587074126
"ENSG00000186976",23.3003185536243,-1.39402301775307,0.632102911248781,-2.20537351267539,0.0274278951383052,0.0638921123183002
"ENSG00000100417",46.4013115007132,-0.805887789801734,0.366837598210556,-2.19685166878443,0.0280310415535405,0.065045003759374
"ENSG00000188280",5.32403536529228,3.21776205767348,1.46795362040023,2.19200526021808,0.0283791268123513,0.0655067018188285
"ENSG00000234965",3.3866998591917,-3.45967020181346,1.57899931024604,-2.19105238321756,0.0284480019545994,0.0655067018188285
"ENSG00000206145",4.36668930045508,-3.36039355005572,1.53584612497768,-2.18797540678403,0.0286713937840248,0.0657691132221332
"ENSG00000185838",26.9452329873149,1.04892394082598,0.481242819744481,2.17961473458017,0.0292860316626583,0.0669235932671394
"ENSG00000100385",2.91742816187268,3.74932364713966,1.72325613551352,2.1757204688683,0.0295761686959765,0.0673305961601586
"ENSG00000100365",9.33023867760268,1.72618940151593,0.803562070516896,2.14817182748005,0.0317001078696787,0.0718934521874599
"ENSG00000172967",2.00351072088507,4.17566354335721,1.94807171771354,2.14348553258511,0.0320741315575129,0.0724682446092679
"ENSG00000100197",18.117194623236,-1.2248939610282,0.572808103904872,-2.13840194068138,0.0324841351094138,0.073119719853025
"ENSG00000184319",46.33807668962,-0.779043888888149,0.365033421679579,-2.13417140080938,0.032828752858229,0.0736197032380433
"ENSG00000100079",1.93669324279265,4.13246264308316,1.9478480930829,2.12155283451423,0.0338753066898241,0.0756842353925066
"ENSG00000184983",104.089396192532,0.492706602217493,0.233103356843565,2.11368299834544,0.034542351578434,0.0768887159208845
"ENSG00000100393",396.474315105511,-0.325108110269109,0.153978553249957,-2.11138566642689,0.0347391760745943,0.077041493803805
"ENSG00000073146",6.88866138324376,-2.0628020547495,0.97906989152535,-2.10689969388778,0.0351262751657922,0.0776135712302983
"ENSG00000184117",178.055225315733,0.386395428179365,0.184541602594546,2.09381203342159,0.0362767277941641,0.0798619538618778
"ENSG00000233080",1.88422449877431,4.09626853893985,1.96359504320953,2.08610657941182,0.036968969858302,0.0810888718424799
"ENSG00000128408",4.47095222542489,2.57455388105251,1.23880838212262,2.07825029133334,0.0376863122253908,0.0823617223543995
"ENSG00000196588",109.138377558143,-0.508458694940852,0.248983759093299,-2.04213598827674,0.0411380439225413,0.0895795811501714
"ENSG00000099940",78.412604768245,0.618862269854573,0.307664496810322,2.0114841857626,0.0442743390623236,0.0960609306009259
"ENSG00000234353",2.72129602619016,3.5538457463327,1.78928715447474,1.98617965676725,0.0470133788732719,0.101636837060563
"ENSG00000244486",24.3422487680643,1.47763365268773,0.745881478969453,1.98105690294027,0.0475848926255968,0.102503657591339
"ENSG00000172250",3.04823616165683,-3.00738690874172,1.54207927106102,-1.95021550783994,0.0511504381871654,0.109614705689867
"ENSG00000128191",147.666632403708,0.536722213786357,0.275330579056085,1.94937378778049,0.0512508024939313,0.109614705689867
"ENSG00000128284",17.9700628841344,1.20418503042843,0.620502199023996,1.94066198689146,0.052299290034155,0.111460543654352
"ENSG00000196622",6.45566917848896,1.87203479173111,0.990262655242216,1.89044268388897,0.0586987793347296,0.124657125018277
"ENSG00000198062",6.27952955637639,1.81661910787918,0.967472254579257,1.87769633628326,0.0604227182100123,0.127866386071188
"ENSG00000100142",82.8305163896438,0.478428507713514,0.257106703984913,1.86081693047408,0.0627700337749008,0.132367685258651
"ENSG00000100280",274.412059894395,-0.311638194693542,0.168122550542002,-1.85363708609504,0.0637910980973634,0.13405052432348
"ENSG00000227895",5.94933357187899,2.00262244485339,1.08706409298855,1.84223033192807,0.0654414654374254,0.136893224373096
"ENSG00000189306",131.906430817919,0.461555847184164,0.25068873535751,1.84115112522282,0.0655994153401857,0.136893224373096
"ENSG00000100416",100.868462188194,0.443232659093697,0.242137660299176,1.83049864505198,0.0671754091988284,0.13969695823009
"ENSG00000186998",12.8712597707316,-1.18120708903282,0.647915008166591,-1.82308956289698,0.0682898271033239,0.141524779617578
"ENSG00000128394",4.3348016810599,2.59419695931069,1.43401251530914,1.80904764192482,0.070443602183686,0.145486614819228
"ENSG00000184436",63.1813545523701,0.535080837314617,0.302686369056211,1.76777315405058,0.0770988346446209,0.158686300073346
"ENSG00000242082",5.14967911391078,-1.8397886655385,1.04221547383167,-1.76526707934452,0.0775188895739412,0.159006322982726
"ENSG00000100395",120.942194497404,-0.427534756608314,0.243817185332046,-1.75350542262257,0.0795152895479181,0.162546561286731
"ENSG00000196934",4.88388111758668,2.00042591188542,1.14934400281176,1.74049362679195,0.0817723781890068,0.166593895903705
"ENSG00000230071",4.10730159300479,2.07702520143595,1.20480214290327,1.7239554342349,0.0847158887602237,0.172007598462481
"ENSG00000260924",5.39987822545859,1.76414786019045,1.02975201449374,1.71317738189399,0.0866799113835992,0.175402783641559
"ENSG00000100422",243.951780314091,-0.312244241243689,0.182615568293298,-1.70984458861796,0.0872946152703583,0.176053905293575
"ENSG00000184058",5.29055800729116,2.064130534449,1.20987826963544,1.70606463993353,0.0879960452079615,0.176874993879548
"ENSG00000241484",16.9887742068064,0.946306936167858,0.56070249249257,1.68771665694066,0.091465632750266,0.183236150943033
"ENSG00000206028",11.4758519296855,-1.41248576353544,0.850611576071727,-1.66055318698876,0.0968032174794562,0.193284829585226
"ENSG00000233388",2.00577523448932,3.05325608609455,1.84753693669433,1.6526089549027,0.0984104744056004,0.195843361317105
"ENSG00000272954",1.40111484394921,3.66238293366051,2.22018347252598,1.64958571171314,0.0990276993534389,0.196421278255501
"ENSG00000100078",6.089178647149,1.55822454284582,0.970218106412076,1.60605592963857,0.108261621747091,0.213462497854126
"ENSG00000244627",23.5734919649633,0.883495622675907,0.550208552442916,1.60574680046903,0.108329553819481,0.213462497854126
"ENSG00000175329",1.32842100187864,3.59339401643447,2.24340268322804,1.60176059487632,0.109208559890945,0.214463529254401
"ENSG00000241527",2.37555715262702,-2.79195546940372,1.74473947970026,-1.60021338537222,0.109551253712315,0.214463529254401
"ENSG00000272821",13.1060870310108,-1.08487799969537,0.678804213295242,-1.598219307492,0.109994178267446,0.214631497203685
"ENSG00000093010",136.925558449331,0.436533522020859,0.273699714047309,1.59493598135585,0.110726552411603,0.215361352748782
"ENSG00000213888",15.9903427618725,-0.893030861590249,0.562829021358894,-1.58668232749284,0.112584610871827,0.217957631283509
"ENSG00000260655",2.59961359040377,2.5026171902094,1.57815070718505,1.5857910013381,0.11278672766917,0.217957631283509
"ENSG00000100372",66.7745818589742,0.51473169410391,0.330467747885158,1.5575852633062,0.119331594289032,0.229866308229835
"ENSG00000182257",11.2340433668879,-1.03523612469603,0.666119346563877,-1.55413009701071,0.120153387389242,0.230709858852826
"ENSG00000128298",11.5978250682485,-1.15454199082364,0.748401417341752,-1.54267745099208,0.122909055600319,0.235249498139465
"ENSG00000230319",10.3907218795281,-1.06350180250399,0.691130982779304,-1.538784729672,0.123856859030479,0.236311023102597
"ENSG00000130487",1.96380931017928,3.02167077084151,1.96799250785204,1.53540765972708,0.124683723394001,0.237135815695552
"ENSG00000230513",7.51378896837991,-1.3839314899355,0.917344613873529,-1.50862769454958,0.131393952678631,0.249109670535828
"ENSG00000079974",68.9483594585372,-0.516605497748085,0.345029638857255,-1.49727860904673,0.134320778455864,0.253857823433882
"ENSG00000128383",1.79859496904602,2.86599131006853,1.9195072955849,1.49308695864854,0.135414425824063,0.255122476239065
"ENSG00000100263",53.8555012893243,0.460029515198763,0.310267461638664,1.48268694618874,0.138157604449119,0.259477250856002
"ENSG00000236499",2.94263075991385,2.28198909019352,1.54137811758647,1.48048623770962,0.138743530798055,0.259765925263649
"ENSG00000185339",33.7389292926814,0.57413330404169,0.389925334778551,1.47241857051365,0.140907881404833,0.262998871814611
"ENSG00000183506",105.604678612135,0.371038511878332,0.252888998658875,1.46719910255499,0.142321901005969,0.264815673388816
"ENSG00000273203",6.1409599851297,-1.31164562522853,0.895485391726697,-1.46473145999555,0.14299419812245,0.265100241435689
"ENSG00000215481",1.70045619869987,2.82481470911172,1.93030490247255,1.46340337502815,0.143357035718135,0.265100241435689
"ENSG00000099899",88.407451835539,0.410045747953299,0.280902194561194,1.45974561926739,0.14435999915507,0.266136072061955
"ENSG00000254413",11.4965500526013,1.28009421181905,0.878970408380353,1.45635643659249,0.145294111634523,0.267039024747242
"ENSG00000159496",20.6651928946374,-0.910528362951502,0.628003558745576,-1.44987771211084,0.147092623582081,0.269520325526923
"ENSG00000100266",160.870409092183,0.296753617889991,0.205315226625154,1.44535611297732,0.148357883968155,0.270996060108245
"ENSG00000243811",11.5004963685763,1.04581936828089,0.724360152304582,1.44378368267991,0.148799833337306,0.270996060108245
"ENSG00000189295",1.70033912983633,2.80301451103974,1.95134894591363,1.43644965033527,0.150874433676492,0.273944213412602
"ENSG00000228274",20.1224367451541,-0.734988111196846,0.515899824783729,-1.42467214735915,0.154251993953271,0.27899684394811
"ENSG00000100294",28.8248461837442,-0.630983596117036,0.443256017499406,-1.42351952642782,0.154585605715009,0.27899684394811
"ENSG00000235513",9.21901021947188,-1.17603664357614,0.830892634443093,-1.41538941955405,0.156954350080078,0.281801309490916
"ENSG00000099956",100.358619094726,0.351246456003577,0.248243926301604,1.4149246720213,0.157090583296274,0.281801309490916
"ENSG00000250479",46.7699390365051,-0.468009356723875,0.331129463146729,-1.41337274030639,0.157546156387601,0.281801309490916
"ENSG00000244723",2.36826702090275,2.24704075653625,1.61505104822405,1.39131252786539,0.164130676508936,0.292707823685076
"ENSG00000205559",2.31560042452259,-2.16087016543117,1.55696103609283,-1.38787684170558,0.165174550801066,0.293697943880001
"ENSG00000269220",1.65962605324402,2.73284765186452,1.97776671829739,1.38178462939105,0.167037839919623,0.295767658657723
"ENSG00000186654",20.5483868667179,0.710610946479772,0.514859304468839,1.38020414569934,0.167523797922202,0.295767658657723
"ENSG00000233903",2.8865060745272,1.9886819085167,1.4418481071055,1.37925895156111,0.167814927790821,0.295767658657723
"ENSG00000187045",2.54816813068905,2.31977488087774,1.69771301491338,1.36641167293878,0.171809787023125,0.301923046786252
"ENSG00000100092",46.6760523422025,0.685209213933324,0.504115615266386,1.35923029000251,0.174073625808119,0.305009472625888
"ENSG00000128262",1.84782757249901,-2.41887322790468,1.79118208196777,-1.35043402469019,0.176876803010296,0.309020228515081
"ENSG00000077935",4.80708565260887,1.5597107382851,1.15984374043809,1.34475937051311,0.17870295485566,0.311305727154353
"ENSG00000239334",6.98333457446227,1.20729861635843,0.906538479401687,1.33176764559982,0.18293655280659,0.317759734788325
"ENSG00000203618",3.96119068401368,5.16393692481366,3.91617145107842,1.31861870434494,0.187296617352628,0.324395582215935
"ENSG00000215012",138.982420334351,0.263213474621999,0.201569549507421,1.30581963032223,0.191613902772191,0.330919412546226
"ENSG00000213707",4.88920124049806,1.34035733929423,1.0284165406082,1.30332145231888,0.192465040219071,0.331436931723959
"ENSG00000100380",580.399602380523,0.160872909266728,0.123689081515562,1.30062336380506,0.193387405774527,0.332073802487117
"ENSG00000272578",43.2702701635524,-0.501885153279016,0.389140775693963,-1.2897264553785,0.197145650779382,0.337442740433669
"ENSG00000184208",42.8398293438313,0.482725235360775,0.37469560359181,1.28831304860105,0.197637012699919,0.337442740433669
"ENSG00000272977",11.4865327648584,-0.890071283562496,0.69538756803648,-1.27996433136665,0.200557680670283,0.34145939400238
"ENSG00000205702",7.76754024130104,-1.21394188905637,0.949886706210696,-1.27798597571604,0.201254371213671,0.34146013365581
"ENSG00000100429",40.4057761472665,0.480374147463597,0.376250872234722,1.27673896039215,0.201694421710171,0.34146013365581
"ENSG00000184470",63.5927512886327,0.382866555403443,0.300756916050141,1.27300997906101,0.203014500795132,0.341962781126314
"ENSG00000099942",475.886268383967,0.170975963223272,0.134599057209092,1.27026122447255,0.203991595421079,0.341962781126314
"ENSG00000273000",25.6132624487449,0.978579783891743,0.770771407914871,1.2696109038853,0.204223263419871,0.341962781126314
"ENSG00000186575",302.698574476909,0.193055724969497,0.152073763394688,1.26948738993488,0.204267285231858,0.341962781126314
"ENSG00000100156",8.11443468656668,-1.01133326719301,0.80450385100943,-1.25708940476054,0.20872126332256,0.348448553491274
"ENSG00000235445",2.43678865468812,-1.80098891495087,1.44175242488457,-1.24916655860319,0.211604160561904,0.352282826863447
"ENSG00000272858",1.45246651056401,2.518903357886,2.03198923920888,1.23962435887047,0.215114366607959,0.357137387655755
"ENSG00000099995",250.706290751788,-0.231990408010439,0.191110240990321,-1.21390882460448,0.224782542732626,0.371450630764894
"ENSG00000169314",5.12466512590619,-1.28968174474618,1.062854280548,-1.21341351147518,0.224971763058937,0.371450630764894
"ENSG00000243902",1.7004485231258,-2.42308827925264,2.00484735238764,-1.20861484859029,0.226810849109077,0.373390247678352
"ENSG00000099910",74.1982045852358,-0.355751496738135,0.294712950391941,-1.20711185668976,0.227389069301626,0.373390247678352
"ENSG00000133488",3.15652769420512,1.6159206085576,1.34558646404755,1.20090432813725,0.22978831516418,0.37630184581382
"ENSG00000205853",3.1654759693869,-1.64103712403502,1.37253221942148,-1.19562739643862,0.231841995410621,0.377701503021794
"ENSG00000099904",92.8523592937321,-0.301333715869016,0.252061063625925,-1.1954790300981,0.231899924484263,0.377701503021794
"ENSG00000232710",8.03563845988772,-1.07406329723243,0.900093013798081,-1.19328033966207,0.232759599580857,0.377713234698648
"ENSG00000241990",8.26284704771693,0.913149204429766,0.765905516514761,1.19224784877518,0.233164076660896,0.377713234698648
"ENSG00000100034",148.570973564834,0.326083575109599,0.273973257327172,1.19020220546634,0.233966926569576,0.377893864035229
"ENSG00000099999",42.8933420128165,-0.47741262146993,0.401604704972895,-1.18876252085282,0.234533130258137,0.377893864035229
"ENSG00000073169",59.5281226384603,-0.462380599746152,0.392390843973456,-1.17836745389867,0.238650146857235,0.383248606793916
"ENSG00000100311",37.2250426593959,-0.469926927622826,0.399204104119295,-1.17715956016924,0.239131826202526,0.383248606793916
"ENSG00000225528",3.1775121427524,1.55145518099941,1.32577746159964,1.17022292649889,0.241911268880016,0.386672001587472
"ENSG00000100206",12.3311159009341,0.9102949316012,0.784823527253823,1.15987212410211,0.246100873712327,0.392325265520181
"ENSG00000205632",5.61041026100831,-1.3996154141394,1.21463151256556,-1.15229631345816,0.249199331354929,0.39621375170453
"ENSG00000224973",5.9333390740212,-1.11349249458761,0.987544579336469,-1.1275364352015,0.259515744698414,0.411527605709095
"ENSG00000215493",7.13254633087022,-0.978462209541194,0.87274936898538,-1.12112622972012,0.262234135134671,0.414043837447877
"ENSG00000266366",4.66583527201629,1.52577165110613,1.36163006087683,1.12054786020485,0.262480369496907,0.414043837447877
"ENSG00000272829",2.36788462553861,-1.64921341762902,1.47659178125872,-1.11690545657998,0.264034751309688,0.414479330871026
"ENSG00000189060",154.347848427789,0.217163901178598,0.194474675845906,1.11666930531701,0.264135746628291,0.414479330871026
"ENSG00000100246",31.150550513204,-0.500951649291804,0.449952524570227,-1.11334334610143,0.265560996753349,0.41563062252282
"ENSG00000100116",45.0209150553098,0.404617779909288,0.368198448313933,1.09891223540492,0.271806349229205,0.424300301004552
"ENSG00000100099",202.253540886723,0.25223590589366,0.231201570212211,1.09097834267364,0.275282412390458,0.4286132897582
"ENSG00000273295",18.6582572482119,0.554331748587792,0.511650960840829,1.08341778089662,0.278623026865446,0.432693641204479
"ENSG00000241717",2.3797165318935,-1.63794781220723,1.54299806945241,-1.06153587916576,0.288446436333772,0.446794608857208
"ENSG00000230736",1.78361680496469,-1.71642592644001,1.6409984445676,-1.04596438352645,0.295577476667647,0.456663402255156
"ENSG00000266175",1.74903662916769,1.95015407701131,1.87734357712384,1.03878379044448,0.298905301697007,0.460620734153594
"ENSG00000184674",39.7417741972567,-0.370743614255515,0.361072050201709,-1.02678569013692,0.304521389026546,0.468075076227504
"ENSG00000237015",4.98281524155831,1.05442651814906,1.04403683998764,1.00995144784503,0.312518552056895,0.479141963740291
"ENSG00000229955",1.81526435553574,1.75826502874261,1.75669536764947,1.00089353061552,0.316878284550743,0.484589946603045
"ENSG00000128271",6.77077766444603,-1.27384625648215,1.28665167896618,-0.990047483174066,0.322150910708023,0.491090741539434
"ENSG00000233603",1.74388158102155,1.79194844179805,1.81225481125022,0.988794970041681,0.322763465737232,0.491090741539434
"ENSG00000227370",1.75452913363176,1.78231834099036,1.81203916897161,0.983598131602133,0.325313144169861,0.493720201126481
"ENSG00000213279",5.63762734694552,0.91623087272016,0.933130756016852,0.981889051252763,0.326154510250538,0.493750278741998
"ENSG00000100101",43.0558181559697,0.389553459834576,0.398740050210847,0.976960953956309,0.328588483265778,0.495870383665715
"ENSG00000229598",4.81978528707723,1.02024470196994,1.04563675249199,0.975716183979252,0.329205129921165,0.495870383665715
"ENSG00000230149",1.71750196797742,1.87742964053188,1.94172364245903,0.966888180933039,0.333599935671489,0.500927979563368
"ENSG00000223843",1.78794142624845,-1.6846335677196,1.74459696358492,-0.965629083899069,0.334229816647106,0.500927979563368
"ENSG00000209482",1.80255122472,1.76597087350009,1.86279132648341,0.948023994095949,0.343117239342617,0.512968808071922
"ENSG00000138942",95.0658017462786,-0.239181509105674,0.254441194672731,-0.940026670654944,0.347203880333944,0.517790402185361
"ENSG00000273145",2.84659869691985,1.36589232273998,1.47009894130005,0.929115914832296,0.352829017564326,0.523176687148021
"ENSG00000178026",24.5561187211833,-0.437706776244941,0.471587709347267,-0.928155606198428,0.353326858779235,0.523176687148021
"ENSG00000260065",16.3803978114263,0.508313966340337,0.547774433473592,0.927962196258367,0.353427179670709,0.523176687148021
"ENSG00000128185",62.130584623133,0.30175446725392,0.327417431316727,0.921620043381313,0.356726799895368,0.526763652916748
"ENSG00000187860",22.2295172433896,-0.505581652403311,0.550499723333516,-0.918404916430825,0.358406917751575,0.527947445021316
"ENSG00000229891",2.78670801866446,-1.23370816768271,1.35298074087488,-0.911844589070021,0.361850534169978,0.531716799599405
"ENSG00000222044",4.85370623613788,-1.06807043619704,1.17827999877844,-0.90646572741992,0.364689397255372,0.53458128719629
"ENSG00000237476",3.51133329748958,-1.23171114670384,1.3756098154972,-0.895392816209774,0.370577139493194,0.541010136708026
"ENSG00000161180",2.16341222525922,1.44715138268244,1.61784322311626,0.894494201913437,0.371057530612756,0.541010136708026
"ENSG00000235989",4.75164479046467,-1.18515282576204,1.32693269651056,-0.893152176352754,0.371775684626314,0.541010136708026
"ENSG00000270041",2.22227067230387,1.40662959558368,1.58016502610208,0.890178919510406,0.373369822033032,0.542017543579353
"ENSG00000100221",188.5544614704,0.220634276763288,0.248384348143618,0.888277697094324,0.374391393586094,0.542190909747572
"ENSG00000184076",113.060081209015,0.22303830051305,0.252752289499508,0.882438299390694,0.377539832056743,0.545436151601208
"ENSG00000100211",24.8767219653757,0.403861310577826,0.461866621484187,0.874411121721758,0.381894402808503,0.550404163280361
"ENSG00000172404",2.423088796374,-1.3313884545851,1.54896899910015,-0.859532021208007,0.390047061400795,0.560809291631287
"ENSG00000273387",6.1511164123839,0.801968797257678,0.937462701040305,0.85546741898929,0.392292433971508,0.562691534169156
"ENSG00000100348",44.8935436986007,0.30620828501212,0.358807021644505,0.853406612860273,0.393433855594847,0.562985112410721
"ENSG00000236850",24.0270292713372,-0.393085271306352,0.462834145051006,-0.849300501074812,0.395714102109715,0.564903029377527
"ENSG00000225335",5.80119547846247,-0.793899697657155,0.941724599423269,-0.843027460622092,0.399213085961376,0.568547546594282
"ENSG00000226450",2.07692009076111,1.34212540527551,1.59645229214969,0.84069246032293,0.400520245515639,0.569060679798815
"ENSG00000273139",2.2407502844214,-1.26377051614915,1.51643549848126,-0.833382308324251,0.404629149227697,0.573542732749636
"ENSG00000272720",12.1906472576792,-0.582613257677135,0.712245937910157,-0.817994496938256,0.413360329570393,0.584540136639544
"ENSG00000218537",8.29152674263782,0.710202468677501,0.877380490548508,0.809457785223269,0.418251875495893,0.590068960500075
"ENSG00000234913",6.492333128017,-0.710916429034961,0.883035683236495,-0.805082334192109,0.420772169346704,0.592234364818195
"ENSG00000236540",11.0610517366323,-0.565346254581913,0.706752350713817,-0.799921293520871,0.423756399806723,0.595041112812712
"ENSG00000177663",75.9504614475998,0.247028385506229,0.31215313148781,0.791369237043441,0.428728556124313,0.600619725479515
"ENSG00000100341",2.08158555487308,-1.28712103559492,1.6344926697127,-0.787474339558317,0.431004244043192,0.602403606209206
"ENSG00000249590",8.30601047073184,0.879358788412826,1.1398962006932,0.771437599211286,0.440447596019772,0.614174026004368
"ENSG00000230701",3.94916471039041,0.851782015289342,1.11173086581983,0.766176456440478,0.44357131512447,0.616087066765591
"ENSG00000099949",185.857085155294,0.186265637280454,0.243641099823335,0.764508276376671,0.444564406480086,0.616087066765591
"ENSG00000100104",67.7146739045442,0.2492648001249,0.326282590631632,0.76395372380231,0.444894820260011,0.616087066765591
"ENSG00000233521",3.12257987672302,1.01865459722244,1.33698197862998,0.761906004347396,0.446116106133658,0.616358114451329
"ENSG00000205634",4.03003104289836,-0.912407195202336,1.21315896917578,-0.752092032771453,0.451995714870209,0.623049139075678
"ENSG00000130489",27.7805458681755,0.362149797899906,0.485676545362637,0.745660463445897,0.455872548107606,0.626955151974076
"ENSG00000234409",2.59388625220758,-0.996803615231386,1.34860828896529,-0.739135020441094,0.459825013332239,0.630458016412991
"ENSG00000100288",63.7633140838948,-0.222636346135809,0.301677375921793,-0.737994837881133,0.460517586032118,0.630458016412991
"ENSG00000260708",9.81924749838551,0.570378052262769,0.778435990083413,0.732723126279979,0.463727315934782,0.633203660919097
"ENSG00000100024",10.0159715984721,0.581940438505824,0.797090328279334,0.730080917882982,0.465340724616663,0.633203660919097
"ENSG00000261251",3.944260132713,-0.880968641523212,1.2076010792825,-0.729519587748832,0.46568389039308,0.633203660919097
"ENSG00000272669",3.76319692729356,0.872506287153852,1.20333754388523,0.725071939779077,0.468407897794612,0.633228971318453
"ENSG00000273137",4.28529360931178,-0.770800658948418,1.06322778964944,-0.724962859748577,0.46847481561932,0.633228971318453
"ENSG00000184381",74.6391258116838,0.209298107689906,0.288954220227805,0.724329644761375,0.468863381425477,0.633228971318453
"ENSG00000100122",2.05344535076416,1.16468687145603,1.61404289977029,0.72159598212773,0.470542910124879,0.634072396827472
"ENSG00000161103",5.66484475148907,0.832919347706332,1.15757685475607,0.719536974399727,0.471810129103709,0.634357690360915
"ENSG00000226328",38.1903845556302,-0.2909639522337,0.409414476952185,-0.710683106273452,0.477280630671021,0.64028048891358
"ENSG00000215498",1.57650440524122,1.3759180564377,1.95002053307365,0.705591573576389,0.480442165981189,0.643086284531614
"ENSG00000100319",26.5658502771694,0.317166451509243,0.451655114945558,0.702231505885799,0.48253480048836,0.64445203354112
"ENSG00000272689",1.83007691340795,1.166698687941,1.67887161085781,0.694930261727928,0.487099006871426,0.649105328447288
"ENSG00000237689",1.75304113415704,-1.18174619017191,1.70851654267282,-0.691679688581281,0.489138505195491,0.650381065536482
"ENSG00000128294",39.4283501802733,0.290486286113331,0.423372544414078,0.686124525423221,0.49263458648369,0.653583634606397
"ENSG00000128283",92.6502780613809,-0.178213699319431,0.268747540369806,-0.663126810664769,0.507249340921317,0.670140992315793
"ENSG00000100109",101.537269658592,-0.1790216068759,0.270026488277452,-0.662977947155894,0.507344678042738,0.670140992315793
"ENSG00000183066",11.8392241787892,-0.473413984043561,0.721876890080923,-0.655809862524469,0.511946469886479,0.674736465793363
"ENSG00000224124",13.0492129151252,-0.435831130873628,0.667206302811318,-0.653217946289213,0.513615782149641,0.675455328384977
"ENSG00000235786",2.96471335739916,-0.819631520487805,1.27748897313082,-0.64159576929974,0.521135680651574,0.683848349501301
"ENSG00000187905",8.57687732022366,-0.528262862251707,0.828293208972739,-0.637772779649934,0.52362160124091,0.685613469162934
"ENSG00000226471",7.04178343718095,0.601704437362042,0.960527098502051,0.626431506513876,0.531031949458988,0.693804786140982
"ENSG00000100147",21.8837123863851,0.308746941392985,0.497519967221933,0.620571960391812,0.534881293343301,0.696576936656251
"ENSG00000233010",2.02069626464796,-1.00164201873615,1.61639898933809,-0.619674984544701,0.535471788244905,0.696576936656251
"ENSG00000203280",6.8479555398885,-0.535676324621012,0.867896160170042,-0.61721246066587,0.537094597837248,0.697178948812497
"ENSG00000188064",14.8142072486727,-0.420011794321804,0.690617586592326,-0.608168402421149,0.543075788949021,0.703423597324055
"ENSG00000223461",4.00372406352239,-0.653147570812435,1.08635566346,-0.601228117808291,0.547688059050055,0.707588384719776
"ENSG00000272582",3.24983883324249,0.779704509596388,1.29996153921564,0.599790444621031,0.548645902295201,0.707588384719776
"ENSG00000223553",2.4480370854175,-0.846455857272015,1.42128144239999,-0.595558227962705,0.551470389280558,0.709708145519519
"ENSG00000202058",305.439869333911,-0.146125778847582,0.246254777811627,-0.593392664890183,0.552918396674309,0.710051188891581
"ENSG00000167077",4.1849268156599,0.662782041998409,1.1246494663714,0.589323217425986,0.555644472976489,0.712030550658572
"ENSG00000249222",2.32551342578705,-0.851801555492255,1.45468347371613,-0.585558006867463,0.558172574939712,0.713748335188865
"ENSG00000184164",49.2180970003106,0.205966142026042,0.352944395764628,0.583565412845928,0.55951273581163,0.713943002596156
"ENSG00000230471",2.39054959357001,0.91892746238203,1.5862981667802,0.579290502646945,0.562393172770232,0.715952528431312
"ENSG00000100387",71.5675632283312,0.159472794544872,0.276050205614136,0.57769489499234,0.563470126369402,0.715952528431312
"ENSG00000249923",3.13011518967518,-0.749018134862467,1.30493893751939,-0.573987114129878,0.565976521155927,0.717620019440321
"ENSG00000100207",281.763388227762,0.0964109835421704,0.169382393822312,0.569191291766185,0.56922632972152,0.720221103500281
"ENSG00000236670",5.52371397918461,0.558493931659178,0.986159779555153,0.566332092666677,0.571168048011287,0.721159657257949
"ENSG00000100401",324.636169712824,-0.0890615835985993,0.159878443562223,-0.557058109988028,0.577487727033124,0.727610322739848
"ENSG00000260613",1.7236539542503,-0.987608391827223,1.78062170539078,-0.554642453721231,0.579139244773374,0.728164615290371
"ENSG00000236003",1.6907091207443,0.935515224538533,1.71733425604259,0.544748479363782,0.585926517286578,0.735160411042241
"ENSG00000225282",2.16316232801905,0.815718117082604,1.515212441355,0.538352309431368,0.590333844320701,0.738022717669749
"ENSG00000272973",1.60765696395236,-1.0488391844595,1.95269272630233,-0.537124541066742,0.59118159006286,0.738022717669749
"ENSG00000100056",55.5937297427332,0.176673798049053,0.329555877690142,0.536096637958212,0.591891763588718,0.738022717669749
"ENSG00000100150",66.0874825501171,0.184411282843204,0.346308947159622,0.532505106656122,0.59437620589505,0.738961736226253
"ENSG00000228599",2.51418742440219,-0.704029670358192,1.32472273047189,-0.531454359590707,0.595103960621475,0.738961736226253
"ENSG00000182841",67.0246081111512,0.14686776221065,0.285301852660696,0.51478026111985,0.606706580201678,0.75181578288909
"ENSG00000183530",292.136469280004,-0.120031406753811,0.23693993101443,-0.50659002997051,0.612442505289353,0.757204477654519
"ENSG00000198089",127.575003211647,-0.110473823001667,0.21877002099406,-0.504976973077435,0.613575009347339,0.757204477654519
"ENSG00000099992",33.1272209802031,0.207673217440657,0.414382796565881,0.501162739287705,0.616256595205311,0.75721896675428
"ENSG00000248405",2.05766018349713,-0.881309316995358,1.76116557120098,-0.500412528729127,0.616784633291742,0.75721896675428
"ENSG00000273366",2.5152788139322,0.708040376206312,1.41725394715621,0.499586102848421,0.617366545273872,0.75721896675428
"ENSG00000273243",2.05215218094273,0.789924667514718,1.6343039347975,0.483340124621676,0.628854254429519,0.769738099617395
"ENSG00000206140",12.1357929706988,-0.314225900472804,0.655716323677034,-0.479210123534415,0.631789153014378,0.771758701141547
"ENSG00000100350",122.425700892488,-0.135681027947227,0.284333207926232,-0.477190226694969,0.633226669918513,0.771945697000054
"ENSG00000177993",14.5920729703713,0.294744915592812,0.626152521574278,0.470723833949853,0.637837961930631,0.77599314801682
"ENSG00000128254",2.28993622462771,-0.736145645171712,1.57718842803099,-0.466745527730468,0.640681952477288,0.777878491795656
"ENSG00000244625",9.58820673328344,0.332231909103199,0.71592360152761,0.464060562320191,0.642604356042844,0.778639552382558
"ENSG00000183569",21.1412112258556,0.24145473689688,0.523076690039968,0.461604849717984,0.644364716120709,0.779201598367296
"ENSG00000184949",38.3400576869546,0.197968174326876,0.432853043240727,0.457356549568667,0.647414789763508,0.781001805070706
"ENSG00000183762",65.5115442146456,0.131836419836187,0.28917001437156,0.455913176622761,0.648452413860703,0.781001805070706
"ENSG00000272216",2.84372928154863,0.738820346048379,1.66382328612401,0.444049769113107,0.657006601719002,0.78972193526624
"ENSG00000230912",1.60018105809243,0.735568093121509,1.66500936457581,0.441780153776437,0.658648301250949,0.790115028047545
"ENSG00000235568",9.92763288036879,0.353797172748245,0.804630664927112,0.439701329031865,0.660153439884208,0.790343062490854
"ENSG00000226287",8.42721698861805,-0.34665114484789,0.794272338989236,-0.436438646836205,0.662518504275338,0.791597656201745
"ENSG00000272836",2.72208864178534,-0.65161170494797,1.50689853310292,-0.432419098322572,0.665436839907605,0.793507025366013
"ENSG00000205643",14.9909693610516,-0.263428983674,0.617224431530206,-0.426796105625492,0.669527843257521,0.794724435889142
"ENSG00000232754",1.49863723576048,0.839033931973477,1.9767024107581,0.424461430009432,0.67122932842296,0.794724435889142
"ENSG00000206176",1.7592288990459,-0.735290269231162,1.74385337968,-0.421646841299289,0.67328281089741,0.794724435889142
"ENSG00000255594",3.55175179975828,1.6017893980891,3.80205703547031,0.42129546799157,0.673539339171543,0.794724435889142
"ENSG00000237977",4.77974399568716,-0.460264899831655,1.0947972703473,-0.420411077281594,0.674185177254376,0.794724435889142
"ENSG00000184068",17.6829275045251,0.22594480882381,0.537799640868053,0.420128225558345,0.674391784198772,0.794724435889142
"ENSG00000099974",10.0848169023476,0.292543107135373,0.704764759020748,0.415093268201795,0.678073627279885,0.797499510753837
"ENSG00000185065",5.12267955657588,0.410529313503727,1.01097990451793,0.406070696033747,0.68469065643672,0.803709149450134
"ENSG00000100058",50.9969614665971,0.132774943438136,0.32886909872014,0.403731891974212,0.686409884931952,0.804156609832559
"ENSG00000100425",124.091144177587,-0.0957080079460537,0.238251412336352,-0.401710138913837,0.687897361912779,0.804331351185954
"ENSG00000233360",2.37524908083093,0.56717773417475,1.42404739934612,0.398285713267115,0.690419590396665,0.805712958890089
"ENSG00000244425",1.53254050449115,0.670842041059327,1.70704943364271,0.392983371095354,0.694331763325567,0.806376147240158
"ENSG00000261188",17.6863803809852,-0.218739864301181,0.557551736080725,-0.392322093441586,0.694820241284516,0.806376147240158
"ENSG00000198477",42.3925110164091,0.141100024803236,0.360112067754711,0.391822539252824,0.695189340087198,0.806376147240158
"ENSG00000227117",1.60741201837187,0.687155046702247,1.76082611430315,0.390245829000662,0.696354776069288,0.806376147240158
"ENSG00000241528",7.09231109259084,0.37434361111393,0.982741343996,0.380917739343073,0.703264288987647,0.812104316784293
"ENSG00000100124",60.7243439217156,0.128402675271142,0.337971860140376,0.379921201776414,0.704003908560094,0.812104316784293
"ENSG00000237438",31.1778600701131,-0.153060188495424,0.410175620887023,-0.373157693195964,0.70903108161893,0.815973678743712
"ENSG00000093072",36.9217707635354,0.165560188349807,0.445344889403067,0.371757243182293,0.710073600637207,0.815973678743712
"ENSG00000269774",3.93291872514178,0.455275019586591,1.2733477080364,0.357541790599098,0.720686246489066,0.825697412312141
"ENSG00000100201",1926.345330978,-0.0473716868374434,0.133620600641086,-0.354523827988821,0.722946349984491,0.825697412312141
"ENSG00000188130",84.347729598565,0.0894281231275451,0.25284290324235,0.35369046147136,0.723570871779831,0.825697412312141
"ENSG00000221084",2.25134763754535,0.534427448958523,1.51362933802588,0.353076830325937,0.724030842410147,0.825697412312141
"ENSG00000273343",2.01297243003353,-0.515004971970104,1.49720531880242,-0.343977519651109,0.730863192387104,0.831910565576988
"ENSG00000167065",19.7895434198724,-0.177758392153378,0.525913176065723,-0.337999503041854,0.735363562277576,0.8341731652286
"ENSG00000232926",4.35415169565867,-0.365408108255911,1.08220953724358,-0.337650053599248,0.73562691775567,0.8341731652286
"ENSG00000225450",1.62239548908611,-0.574025101788607,1.73230075309337,-0.331365728937986,0.740368248315293,0.837968582368157
"ENSG00000235091",2.8545759809636,0.422857855137399,1.29702769965292,0.326020681941145,0.744408707362359,0.839492035738422
"ENSG00000100191",7.19444654156583,-0.277090353964222,0.85259932411953,-0.324994808376572,0.745185000923277,0.839492035738422
"ENSG00000232545",8.44410376240691,-0.240131036841806,0.74104458364927,-0.324043980807851,0.745904737245121,0.839492035738422
"ENSG00000272682",2.09500135134896,-0.515564845891451,1.61956795667638,-0.318334802665197,0.750230987595647,0.842460614547497
"ENSG00000187051",93.3513863643947,-0.0758863291628989,0.239490908274753,-0.31686517751162,0.751345905819398,0.842460614547497
"ENSG00000273350",4.15917761212906,-0.334598614771679,1.07336462547789,-0.311728751655763,0.755246675331614,0.845257452279888
"ENSG00000100227",176.565579756301,0.0559172237401901,0.183753843904188,0.304305055895027,0.76089549365256,0.849996638820054
"ENSG00000270083",1.8983590178916,0.46233361182032,1.55852608037817,0.296647978908468,0.766735276851598,0.854931171405957
"ENSG00000223704",10.8096054463114,0.210353100082478,0.716230972434374,0.293694503837939,0.76899135450025,0.8558588963975
"ENSG00000099994",9.92822913893118,0.202512485803495,0.70610217226698,0.286803374578664,0.774262878906812,0.860133068804056
"ENSG00000182858",58.0817595781406,-0.125245265894638,0.448568726920322,-0.279210873113064,0.780082999795099,0.864807856537452
"ENSG00000177989",9.78403634009391,-0.211159566684562,0.766537170095023,-0.275472051353212,0.782953595269699,0.864807856537452
"ENSG00000203527",2.05607627983163,-0.417750012076681,1.53286946571,-0.2725281058966,0.785215983434697,0.864807856537452
"ENSG00000235954",57.8051964547703,-0.0861028346616589,0.316180705411445,-0.272321597074095,0.785374751452823,0.864807856537452
"ENSG00000100055",19.5458583226464,-0.177278926209209,0.65189692981631,-0.271943183194869,0.78566570660474,0.864807856537452
"ENSG00000244491",2.22465296271252,-0.507963575896714,1.97738420069572,-0.256886636253083,0.797266287210506,0.875972648287961
"ENSG00000100360",59.7380269212713,0.077801847944005,0.331177046779488,0.234925242255115,0.814266757280488,0.891666253105874
"ENSG00000128346",18.2720214239848,0.122200953808659,0.520884627336646,0.234602726583598,0.814517093103369,0.891666253105874
"ENSG00000214491",12.4000601768567,-0.184973259441652,0.824159364386469,-0.224438703768599,0.822415957488654,0.898676346273966
"ENSG00000205560",66.0207099548742,0.0689393900850626,0.317902662770076,0.216856913007121,0.828319856966914,0.903344010401902
"ENSG00000242259",94.1843949185653,-0.0560968807586114,0.260801131965471,-0.215094468094711,0.829693666791763,0.903344010401902
"ENSG00000229999",1.98557708285637,0.318003270265624,1.50051040158013,0.211930067216293,0.832161593099976,0.904392617455851
"ENSG00000056487",12.6775745421976,-0.154043855517169,0.752793707231143,-0.204629573862618,0.83786154769897,0.908943664561518
"ENSG00000178803",7.7067413042951,0.17609467248292,0.882748955498147,0.199484430297114,0.841883821424519,0.911661579596641
"ENSG00000272779",35.6507966294832,-0.0795593535115955,0.404178325860759,-0.196842206573452,0.843951021145593,0.912256409547665
"ENSG00000054611",57.416041298659,0.0666037985518605,0.346956968423453,0.19196558828175,0.847769160648614,0.914738358258199
"ENSG00000266345",4.22837780067478,-0.230779469307424,1.23064305057339,-0.187527544400383,0.851247029435475,0.916844918800575
"ENSG00000169668",1.86777287250881,-0.280509077538549,1.52412530387476,-0.184045942171169,0.853977413824858,0.918140296437817
"ENSG00000220891",5.22467759794543,-0.170408223384255,0.937742202549671,-0.181721823888191,0.855801038146575,0.918457899868021
"ENSG00000025708",33.8636478518439,0.0726047901930338,0.413675535387234,0.175511443104968,0.860677780042074,0.920449684380928
"ENSG00000159307",12.6984779802932,0.179608906906475,1.0236592936264,0.175457701624721,0.860720004362864,0.920449684380928
"ENSG00000235347",1.67437293379323,-0.331178766384796,1.91237000414196,-0.17317713918724,0.862512192419482,0.920727935424705
"ENSG00000100290",3.43254230147719,0.200389189180775,1.19995344057703,0.16699747040553,0.867372039300359,0.922932722859852
"ENSG00000100226",204.22807907861,0.0328886317057518,0.197356717253303,0.166645615935839,0.86764889919437,0.922932722859852
"ENSG00000231466",1.68868361922645,0.280102808255909,1.71194812456056,0.163616411173562,0.870033124566455,0.923833759477809
"ENSG00000130943",7.63968585011148,0.12869038607338,0.806966955797321,0.159474170718958,0.873295306657823,0.925662220990038
"ENSG00000248751",4.71101047625878,-0.208850615685394,1.37477711230722,-0.151915982464162,0.879253202421764,0.930336575097676
"ENSG00000183597",91.2953234080424,0.0596263609688522,0.439895833035069,0.135546546457281,0.892179765051476,0.939123993926817
"ENSG00000180957",84.9184730835873,-0.0345670615302704,0.255552669922361,-0.135263942031097,0.892403193112247,0.939123993926817
"ENSG00000232564",12.140442981154,0.0836190042263935,0.62975152749016,0.132780947050105,0.894366622972181,0.939123993926817
"ENSG00000100336",12.4361781863809,-0.0880271107345261,0.671198119843949,-0.131149221268665,0.895657264448157,0.939123993926817
"ENSG00000258555",39.8255615705883,-0.208950238751391,1.59352654660176,-0.131124416594743,0.895676886270166,0.939123993926817
"ENSG00000230345",1.78959539924721,0.219726065434187,1.69625797751931,0.129535759504887,0.89693373130448,0.939123993926817
"ENSG00000188424",2.55432761196798,0.185588210274412,1.48025850548243,0.125375540547174,0.900226251121717,0.940932133781133
"ENSG00000234252",14.2979488236541,0.0734740511078409,0.635921476278184,0.115539502672339,0.908017511509682,0.947427993780068
"ENSG00000099957",27.3945384255168,0.0495364807539307,0.447543224588497,0.110685355139669,0.911865859520946,0.948366551545138
"ENSG00000236754",7.141481170462,-0.0949801748166258,0.860139400588586,-0.110424164677995,0.912072989672363,0.948366551545138
"ENSG00000237406",2.93567282192589,0.132849000832056,1.25288032086133,0.106034869109226,0.915554686577522,0.95034260212969
"ENSG00000236867",2.6397254093317,-0.130775882951187,1.28316328832328,-0.101916789656657,0.918822723137597,0.952090442423614
"ENSG00000211683",2.87491359191559,0.115046843015662,1.23670520457506,0.0930268932240749,0.925882196155483,0.957754216677186
"ENSG00000230922",2.34974244701434,0.134536165982527,1.5689878524556,0.0857471049071329,0.931667455692939,0.96208271627398
"ENSG00000230769",1.90161268281584,-0.132566540554456,1.58926807023553,-0.08341358077798,0.933522690245644,0.962345003152028
"ENSG00000215347",2.20335443844306,0.104371699311009,1.55647330115193,0.0670565304485242,0.946536699639144,0.971251992488695
"ENSG00000161149",11.4673312190539,0.0428518306457578,0.652058819216623,0.0657177380059663,0.947602550054519,0.971251992488695
"ENSG00000177096",5.83601767701412,-0.0655993897431533,0.999009404010999,-0.0656644366707393,0.947644986704269,0.971251992488695
"ENSG00000225929",1.63255154485004,0.105781892605929,1.64178910197932,0.0644308653763138,0.948627154061337,0.971251992488695
"ENSG00000100376",71.0581960235553,-0.0171987650577907,0.276179105912432,-0.0622739544360896,0.950344669558557,0.971355691164443
"ENSG00000224003",4.62474111428201,-0.0569971188506337,0.998549279336416,-0.0570799258785816,0.954481527176239,0.973927670344516
"ENSG00000273192",9.04476446623705,-0.0481577782456866,0.894381509715975,-0.0538447829282382,0.957058829631234,0.974902299336223
"ENSG00000272787",1.60701591896044,0.0834097248999036,1.64419590230387,0.05072979733317,0.959540832373544,0.975776717862098
"ENSG00000100418",159.091209741618,0.00915521067089572,0.222172443962267,0.0412076786284559,0.967130332213666,0.981833327129076
"ENSG00000226085",4.63938261639796,-0.0319047419897173,1.07638385660614,-0.0296406730683547,0.976353627134641,0.98787373164326
"ENSG00000273188",5.83529182936822,-0.0235117372609016,0.90647569336921,-0.0259375264366027,0.979307168338781,0.98787373164326
"ENSG00000229088",2.85626831188294,0.0310299863283615,1.27080736339922,0.0244175374034353,0.980519559671005,0.98787373164326
"ENSG00000099984",5.9187899030231,-0.0316995361123505,1.31150034125748,-0.0241704368006163,0.980716659254004,0.98787373164326
"ENSG00000133433",2.83034291952212,-0.0393055154346858,1.90998440667059,-0.0205789719001956,0.983581514907035,0.98787373164326
"ENSG00000187792",37.8706609523742,0.00795887049484999,0.406818105576927,0.0195637076760956,0.984391415367656,0.98787373164326
"ENSG00000100154",120.927440384982,-0.005435380206836,0.281342941455159,-0.0193194120269134,0.984586298260087,0.98787373164326
"ENSG00000273311",11.8006121661894,0.0102087521247854,0.676346569614582,0.015093965998235,0.987957214850688,0.989603810208773
"ENSG00000269103",2.73013081319698,-0.0115920262879656,1.44639386711403,-0.00801443268775396,0.993605476349502,0.993605476349502
